Invoice #,SO #,Created Date
80792,1119966-1159465,03/31/2021
80792,1119966-1159465,03/31/2021
80793,1120032-1159535,03/31/2021
80793,1120032-1159535,03/31/2021
80793,1120032-1159535,03/31/2021
80793,1120032-1159535,03/31/2021
80794,1119949-1159445,03/31/2021
80794,1119949-1159445,03/31/2021
80794,1119949-1159445,03/31/2021
80794,1119949-1159445,03/31/2021
80795,40539837-357XHY,03/31/2021
80795,40539837-357XHY,03/31/2021
80795,40539837-357XHY,03/31/2021
80796,40545235-358GD3,03/31/2021
80796,40545235-358GD3,03/31/2021
80796,40545235-358GD3,03/31/2021
80797,1119956-1159452,03/31/2021
80797,1119956-1159452,03/31/2021
80797,1119956-1159452,03/31/2021
80798,BD07-06826-46705,03/31/2021
80798,BD07-06826-46705,03/31/2021
80798,BD07-06826-46705,03/31/2021
80799,1120085-1159594,03/31/2021
80799,1120085-1159594,03/31/2021
80800,1119865-1159351,03/31/2021
80800,1119865-1159351,03/31/2021
80801,113-2261606-2118609,03/31/2021
80801,113-2261606-2118609,03/31/2021
80801,113-2261606-2118609,03/31/2021
80802,1119946-1159442,03/31/2021
80802,1119946-1159442,03/31/2021
80802,1119946-1159442,03/31/2021
80803,1120045-1159549,03/31/2021
80803,1120045-1159549,03/31/2021
80803,1120045-1159549,03/31/2021
80804,1119897-1159388,03/31/2021
80804,1119897-1159388,03/31/2021
80804,1119897-1159388,03/31/2021
80805,1119921-1159417,03/31/2021
80805,1119921-1159417,03/31/2021
80805,1119921-1159417,03/31/2021
80806,1119939-1159435,03/31/2021
80806,1119939-1159435,03/31/2021
80807,111-1662658-7818637,03/31/2021
80807,111-1662658-7818637,03/31/2021
80808,1119809-1159290,03/31/2021
80808,1119809-1159290,03/31/2021
80809,35-1175907-358LNW,03/31/2021
80809,35-1175907-358LNW,03/31/2021
80810,112-3332280-2297040,03/31/2021
80810,112-3332280-2297040,03/31/2021
80810,112-3332280-2297040,03/31/2021
80810,112-3332280-2297040,03/31/2021
80811,1120001-1159500,03/31/2021
80811,1120001-1159500,03/31/2021
80813,1120079-1159588,03/31/2021
80813,1120079-1159588,03/31/2021
80814,40543974-358CH2,03/31/2021
80814,40543974-358CH2,03/31/2021
80814,40543974-358CH2,03/31/2021
80815,1119974-1159473,03/31/2021
80815,1119974-1159473,03/31/2021
80815,1119974-1159473,03/31/2021
80816,40537331-357OVB,03/31/2021
80816,40537331-357OVB,03/31/2021
80816,40537331-357OVB,03/31/2021
80817,40539394-357WG8,03/31/2021
80817,40539394-357WG8,03/31/2021
80818,1120078-1159587,03/31/2021
80818,1120078-1159587,03/31/2021
80818,1120078-1159587,03/31/2021
80819,1119862-1159347,03/31/2021
80819,1119862-1159347,03/31/2021
80820,1119978-1159477,03/31/2021
80820,1119978-1159477,03/31/2021
80820,1119978-1159477,03/31/2021
80820,1119978-1159477,03/31/2021
80821,1120061-1159569,03/31/2021
80821,1120061-1159569,03/31/2021
80821,1120061-1159569,03/31/2021
80822,1119829-1159313,03/31/2021
80822,1119829-1159313,03/31/2021
80822,1119829-1159313,03/31/2021
80823,1120013-1159514,03/31/2021
80823,1120013-1159514,03/31/2021
80823,1120013-1159514,03/31/2021
80824,35-1175711-357D18,03/31/2021
80824,35-1175711-357D18,03/31/2021
80825,1120069-1159578,03/31/2021
80825,1120069-1159578,03/31/2021
80825,1120069-1159578,03/31/2021
80825,1120069-1159578,03/31/2021
80826,35-1175707-357BHX,03/31/2021
80826,35-1175707-357BHX,03/31/2021
80827,1119892-1159383,03/31/2021
80827,1119892-1159383,03/31/2021
80827,1119892-1159383,03/31/2021
80827,1119892-1159383,03/31/2021
80827,1119892-1159383,03/31/2021
80828,1120044-1159548,03/31/2021
80828,1120044-1159548,03/31/2021
80828,1120044-1159548,03/31/2021
80829,1119913-1159408,03/31/2021
80829,1119913-1159408,03/31/2021
80829,1119913-1159408,03/31/2021
80949,1119830-1159314,03/31/2021
80949,1119830-1159314,03/31/2021
80950,1120089-1159600,03/31/2021
80950,1120089-1159600,03/31/2021
80951,1120005-1159504,03/31/2021
80951,1120005-1159504,03/31/2021
80952,1120027-1159529,03/31/2021
80952,1120027-1159529,03/31/2021
80955,40497391-352WCK,03/31/2021
80955,40497391-352WCK,03/31/2021
80955,40497391-352WCK,03/31/2021
81117,11124517,03/31/2021
81117,11124517,03/31/2021
81117,11124517,03/31/2021
81118,14-06828-56654,03/31/2021
81118,14-06828-56654,03/31/2021
81118,14-06828-56654,03/31/2021
81119,1120169-1159698,03/31/2021
81119,1120169-1159698,03/31/2021
81120,13-06826-07607,03/31/2021
81120,13-06826-07607,03/31/2021
81121,11129695,03/31/2021
81121,11129695,03/31/2021
81121,11129695,03/31/2021
81121,11129695,03/31/2021
81122,1120142-1159663,03/31/2021
81122,1120142-1159663,03/31/2021
81122,1120142-1159663,03/31/2021
81123,25-06822-92178,03/31/2021
81123,25-06822-92178,03/31/2021
81147,20-06824-73267,03/31/2021
81147,20-06824-73267,03/31/2021
81161,1120164-1159691,03/31/2021
81161,1120164-1159691,03/31/2021
81163,1120116-1159631,03/31/2021
81163,1120116-1159631,03/31/2021
81165,1120149-1159672,03/31/2021
81165,1120149-1159672,03/31/2021
81166,21-06828-51164,03/31/2021
81166,21-06828-51164,03/31/2021
81166,21-06828-51164,03/31/2021
81168,17-06824-19435,03/31/2021
81168,17-06824-19435,03/31/2021
81168,17-06824-19435,03/31/2021
81168,17-06824-19435,03/31/2021
81170,1120124-1159642,03/31/2021
81170,1120124-1159642,03/31/2021
81170,1120124-1159642,03/31/2021
81175,1120145-1159666,03/31/2021
81175,1120145-1159666,03/31/2021
81178,11420443024628201R,03/31/2021
81178,11420443024628201R,03/31/2021
81180,40455429-34YE6A,03/31/2021
81180,40455429-34YE6A,03/31/2021
81181,1120130-1159650,03/31/2021
81181,1120130-1159650,03/31/2021
81182,1120109-1159624,03/31/2021
81182,1120109-1159624,03/31/2021
81182,1120109-1159624,03/31/2021
81183,1120166-1159694,03/31/2021
81183,1120166-1159694,03/31/2021
81184,112-3728412-2185000,03/31/2021
81184,112-3728412-2185000,03/31/2021
81208,11133036,03/31/2021
81208,11133036,03/31/2021
81208,11133036,03/31/2021
81209,11122781,03/31/2021
81209,11122781,03/31/2021
81210,11133856,03/31/2021
81210,11133856,03/31/2021
81211,11132422,03/31/2021
81211,11132422,03/31/2021
81212,11132925,03/31/2021
81212,11132925,03/31/2021
81213,11132371,03/31/2021
81213,11132371,03/31/2021
81213,11132371,03/31/2021
81214,11131672,03/31/2021
81214,11131672,03/31/2021
81214,11131672,03/31/2021
81214,11131672,03/31/2021
81215,11131255,03/31/2021
81215,11131255,03/31/2021
81216,11130606,03/31/2021
81216,11130606,03/31/2021
81217,11131175,03/31/2021
81217,11131175,03/31/2021
81217,11131175,03/31/2021
81217,11131175,03/31/2021
81218,11127330,03/31/2021
81218,11127330,03/31/2021
81218,11127330,03/31/2021
81218,11127330,03/31/2021
81219,11131500,03/31/2021
81219,11131500,03/31/2021
81219,11131500,03/31/2021
81220,11129259,03/31/2021
81220,11129259,03/31/2021
81220,11129259,03/31/2021
81221,11132512,03/31/2021
81221,11132512,03/31/2021
81222,11130400,03/31/2021
81222,11130400,03/31/2021
81223,11129795,03/31/2021
81223,11129795,03/31/2021
81224,11123326,03/31/2021
81224,11123326,03/31/2021
81224,11123326,03/31/2021
81225,11124072,03/31/2021
81225,11124072,03/31/2021
81225,11124072,03/31/2021
81226,11127650,03/31/2021
81226,11127650,03/31/2021
81227,11122468,03/31/2021
81227,11122468,03/31/2021
81227,11122468,03/31/2021
81228,11125662,03/31/2021
81228,11125662,03/31/2021
81228,11125662,03/31/2021
81229,11128821,03/31/2021
81229,11128821,03/31/2021
81229,11128821,03/31/2021
81230,11127155,03/31/2021
81230,11127155,03/31/2021
81230,11127155,03/31/2021
81230,11127155,03/31/2021
81231,11132439,03/31/2021
81231,11132439,03/31/2021
81231,11132439,03/31/2021
81232,1120173-1159703,03/31/2021
81232,1120173-1159703,03/31/2021
81232,1120173-1159703,03/31/2021
81233,20-06823-47877,03/31/2021
81233,20-06823-47877,03/31/2021
81233,20-06823-47877,03/31/2021
81234,11127459,03/31/2021
81234,11127459,03/31/2021
81235,11125772,03/31/2021
81235,11125772,03/31/2021
81236,05-06830-00422,03/31/2021
81236,05-06830-00422,03/31/2021
81236,05-06830-00422,03/31/2021
81237,11127730,03/31/2021
81237,11127730,03/31/2021
81237,11127730,03/31/2021
81238,40551329-359JOH,03/31/2021
81238,40551329-359JOH,03/31/2021
81238,40551329-359JOH,03/31/2021
81239,11125275,03/31/2021
81239,11125275,03/31/2021
81240,23-06825-91405,03/31/2021
81240,23-06825-91405,03/31/2021
81240,23-06825-91405,03/31/2021
81240,23-06825-91405,03/31/2021
81241,11123060,03/31/2021
81241,11123060,03/31/2021
81242,11124427,03/31/2021
81242,11124427,03/31/2021
81243,11126777,03/31/2021
81243,11126777,03/31/2021
81244,17-06826-37335,03/31/2021
81244,17-06826-37335,03/31/2021
81245,19-06826-11788,03/31/2021
81245,19-06826-11788,03/31/2021
81246,40548308-3596A6,03/31/2021
81246,40548308-3596A6,03/31/2021
81247,1120092-1159603,03/31/2021
81247,1120092-1159603,03/31/2021
81248,40554355-359TXW,03/31/2021
81248,40554355-359TXW,03/31/2021
81249,1120138-1159659,03/31/2021
81249,1120138-1159659,03/31/2021
81249,1120138-1159659,03/31/2021
81793,11135573,04/01/2021
81793,11135573,04/01/2021
81794,1119942-1159438,04/01/2021
81794,1119942-1159438,04/01/2021
81794,1119942-1159438,04/01/2021
81799,11135172,04/01/2021
81799,11135172,04/01/2021
81845,1120344-1159896,04/01/2021
81845,1120344-1159896,04/01/2021
81846,1120246-1159787,04/01/2021
81846,1120246-1159787,04/01/2021
81846,1120246-1159787,04/01/2021
81846,1120246-1159787,04/01/2021
81847,11135389,04/01/2021
81847,11135389,04/01/2021
81848,11134570,04/01/2021
81848,11134570,04/01/2021
81849,1120266-1159810,04/01/2021
81849,1120266-1159810,04/01/2021
81849,1120266-1159810,04/01/2021
81849,1120266-1159810,04/01/2021
81850,1120356-1159908,04/01/2021
81850,1120356-1159908,04/01/2021
81850,1120356-1159908,04/01/2021
81851,1120452-1160006,04/01/2021
81851,1120452-1160006,04/01/2021
81851,1120452-1160006,04/01/2021
81851,1120452-1160006,04/01/2021
81851,1120452-1160006,04/01/2021
81852,1120223-1159761,04/01/2021
81852,1120223-1159761,04/01/2021
81852,1120223-1159761,04/01/2021
81853,40455879-34YG5Q,04/01/2021
81853,40455879-34YG5Q,04/01/2021
81853,40455879-34YG5Q,04/01/2021
81853,40455879-34YG5Q,04/01/2021
81854,1120436-1159990,04/01/2021
81854,1120436-1159990,04/01/2021
81854,1120436-1159990,04/01/2021
81855,1120280-1159825,04/01/2021
81855,1120280-1159825,04/01/2021
81856,1120193-1159728,04/01/2021
81856,1120193-1159728,04/01/2021
81856,1120193-1159728,04/01/2021
81856,1120193-1159728,04/01/2021
81857,1120427-1159981,04/01/2021
81857,1120427-1159981,04/01/2021
81857,1120427-1159981,04/01/2021
81858,1120414-1159967,04/01/2021
81858,1120414-1159967,04/01/2021
81858,1120414-1159967,04/01/2021
81858,1120414-1159967,04/01/2021
81859,1120305-1159852,04/01/2021
81859,1120305-1159852,04/01/2021
81859,1120305-1159852,04/01/2021
81860,1119389-1158811,04/01/2021
81860,1119389-1158811,04/01/2021
81860,1119389-1158811,04/01/2021
81860,1119389-1158811,04/01/2021
81860,1119389-1158811,04/01/2021
81860,1119389-1158811,04/01/2021
81861,1120417-1159970,04/01/2021
81861,1120417-1159970,04/01/2021
81861,1120417-1159970,04/01/2021
81862,1120401-1159954,04/01/2021
81862,1120401-1159954,04/01/2021
81862,1120401-1159954,04/01/2021
81863,1120354-1159906,04/01/2021
81863,1120354-1159906,04/01/2021
81863,1120354-1159906,04/01/2021
81864,1120285-1159830,04/01/2021
81864,1120285-1159830,04/01/2021
81864,1120285-1159830,04/01/2021
81865,1115353-1154433,04/01/2021
81865,1115353-1154433,04/01/2021
81865,1115353-1154433,04/01/2021
81866,1120208-1159744,04/01/2021
81866,1120208-1159744,04/01/2021
81866,1120208-1159744,04/01/2021
81867,1120473-1160028,04/01/2021
81867,1120473-1160028,04/01/2021
81867,1120473-1160028,04/01/2021
81867,1120473-1160028,04/01/2021
81868,1120435-1159989,04/01/2021
81868,1120435-1159989,04/01/2021
81869,1120327-1159879,04/01/2021
81869,1120327-1159879,04/01/2021
81869,1120327-1159879,04/01/2021
81871,1120431-1159985,04/01/2021
81871,1120431-1159985,04/01/2021
81871,1120431-1159985,04/01/2021
81872,1120346-1159898,04/01/2021
81872,1120346-1159898,04/01/2021
81872,1120346-1159898,04/01/2021
81873,1115149-1154213,04/01/2021
81873,1115149-1154213,04/01/2021
81873,1115149-1154213,04/01/2021
81874,1120376-1159929,04/01/2021
81874,1120376-1159929,04/01/2021
81874,1120376-1159929,04/01/2021
81875,1120348-1159900,04/01/2021
81875,1120348-1159900,04/01/2021
81875,1120348-1159900,04/01/2021
81875,1120348-1159900,04/01/2021
81875,1120348-1159900,04/01/2021
81876,1115053-1154108,04/01/2021
81876,1115053-1154108,04/01/2021
81876,1115053-1154108,04/01/2021
81878,1120441-1159995,04/01/2021
81878,1120441-1159995,04/01/2021
81878,1120441-1159995,04/01/2021
81878,1120441-1159995,04/01/2021
81879,1120343-1159895,04/01/2021
81879,1120343-1159895,04/01/2021
81880,1120494-1160049,04/01/2021
81880,1120494-1160049,04/01/2021
81881,1120466-1160021,04/01/2021
81881,1120466-1160021,04/01/2021
81881,1120466-1160021,04/01/2021
81881,1120466-1160021,04/01/2021
81882,1120253-1159795,04/01/2021
81882,1120253-1159795,04/01/2021
81882,1120253-1159795,04/01/2021
81882,1120253-1159795,04/01/2021
81883,1120462-1160016,04/01/2021
81883,1120462-1160016,04/01/2021
81883,1120462-1160016,04/01/2021
81883,1120462-1160016,04/01/2021
81884,1120204-1159740,04/01/2021
81884,1120204-1159740,04/01/2021
81886,1120487-1160042,04/01/2021
81886,1120487-1160042,04/01/2021
81887,1120225-1159763,04/01/2021
81887,1120225-1159763,04/01/2021
81889,1120286-1159831,04/01/2021
81889,1120286-1159831,04/01/2021
81889,1120286-1159831,04/01/2021
81890,40565231-35AZOO,04/01/2021
81890,40565231-35AZOO,04/01/2021
81890,40565231-35AZOO,04/01/2021
81891,40567472-35B48O,04/01/2021
81891,40567472-35B48O,04/01/2021
81893,1120413-1159966,04/01/2021
81893,1120413-1159966,04/01/2021
81893,1120413-1159966,04/01/2021
81894,1120380-1159933,04/01/2021
81894,1120380-1159933,04/01/2021
81896,1120312-1159862,04/01/2021
81896,1120312-1159862,04/01/2021
81896,1120312-1159862,04/01/2021
81897,40561421-35ANNA,04/01/2021
81897,40561421-35ANNA,04/01/2021
81897,40561421-35ANNA,04/01/2021
81897,40561421-35ANNA,04/01/2021
81899,35-1176134-35AQXS,04/01/2021
81899,35-1176134-35AQXS,04/01/2021
81902,114-0880010-8307447,04/01/2021
81902,114-0880010-8307447,04/01/2021
82028,26-06832-73066,04/01/2021
82028,26-06832-73066,04/01/2021
82028,26-06832-73066,04/01/2021
82029,1120532-1160095,04/01/2021
82029,1120532-1160095,04/01/2021
82030,21-06828-99407,04/01/2021
82030,21-06828-99407,04/01/2021
82031,1120521-1160080,04/01/2021
82031,1120521-1160080,04/01/2021
82031,1120521-1160080,04/01/2021
82031,1120521-1160080,04/01/2021
82032,08-06833-15355,04/01/2021
82032,08-06833-15355,04/01/2021
82032,08-06833-15355,04/01/2021
82033,09-06834-60507,04/01/2021
82033,09-06834-60507,04/01/2021
82034,1120503-1160060,04/01/2021
82034,1120503-1160060,04/01/2021
82034,1120503-1160060,04/01/2021
82035,20-06829-35325,04/01/2021
82035,20-06829-35325,04/01/2021
82035,20-06829-35325,04/01/2021
82035,20-06829-35325,04/01/2021
82036,3398629,04/01/2021
82036,3398629,04/01/2021
82036,3398629,04/01/2021
82038,11127312,04/01/2021
82038,11127312,04/01/2021
82040,11125991,04/01/2021
82040,11125991,04/01/2021
82040,11125991,04/01/2021
82041,27-06829-61651,04/01/2021
82041,27-06829-61651,04/01/2021
82042,14-06834-12353,04/01/2021
82042,14-06834-12353,04/01/2021
82042,14-06834-12353,04/01/2021
82044,BD11-06829-99682,04/01/2021
82044,BD11-06829-99682,04/01/2021
82044,BD11-06829-99682,04/01/2021
82047,1120511-1160068,04/01/2021
82047,1120511-1160068,04/01/2021
82047,1120511-1160068,04/01/2021
82047,1120511-1160068,04/01/2021
82047,1120511-1160068,04/01/2021
82048,1120517-1160076,04/01/2021
82048,1120517-1160076,04/01/2021
82048,1120517-1160076,04/01/2021
82050,1120500-1160055,04/01/2021
82050,1120500-1160055,04/01/2021
82050,1120500-1160055,04/01/2021
82052,BD02-06833-30818,04/01/2021
82052,BD02-06833-30818,04/01/2021
82052,BD02-06833-30818,04/01/2021
82053,27-06832-27221,04/01/2021
82053,27-06832-27221,04/01/2021
82053,27-06832-27221,04/01/2021
82056,1120573-1160138,04/01/2021
82056,1120573-1160138,04/01/2021
82057,26-06830-87922,04/01/2021
82057,26-06830-87922,04/01/2021
82057,26-06830-87922,04/01/2021
82060,21-06831-60656,04/01/2021
82060,21-06831-60656,04/01/2021
82060,21-06831-60656,04/01/2021
82062,40575578-35CI17,04/01/2021
82062,40575578-35CI17,04/01/2021
82063,10-06833-53317,04/01/2021
82063,10-06833-53317,04/01/2021
82063,10-06833-53317,04/01/2021
82095,1120591-1160157,04/01/2021
82095,1120591-1160157,04/01/2021
82095,1120591-1160157,04/01/2021
82096,1120581-1160147,04/01/2021
82096,1120581-1160147,04/01/2021
82096,1120581-1160147,04/01/2021
82097,1120634-1160210,04/01/2021
82097,1120634-1160210,04/01/2021
82097,1120634-1160210,04/01/2021
82098,1120604-1160171,04/01/2021
82098,1120604-1160171,04/01/2021
82098,1120604-1160171,04/01/2021
82099,1120594-1160160,04/01/2021
82099,1120594-1160160,04/01/2021
82099,1120594-1160160,04/01/2021
82100,1120618-1160189,04/01/2021
82100,1120618-1160189,04/01/2021
82100,1120618-1160189,04/01/2021
82101,40577035-35CNJA,04/01/2021
82101,40577035-35CNJA,04/01/2021
82102,40576666-35CNPI,04/01/2021
82102,40576666-35CNPI,04/01/2021
82103,1120617-1160188,04/01/2021
82103,1120617-1160188,04/01/2021
82104,1120637-1160213,04/01/2021
82104,1120637-1160213,04/01/2021
