Part Number,Qty
A0015-FBA,2
A0015/B0015-FBA,10
A0015/B0015/C0015-FBA,7
A0015/B0015/C0015/E0238-FBA,3
A0015/B0015/D0045-FBA,0
A0015/B0015/D0202-FBA,0
A0015/B0020-FBA,18
A0015/B0097-FBA,0
A0015/B0099-FBA,0
A0015/B0160-FBA,9
A0015/B0160/D0045-FBA,1
A0015/B0228-FBA,13
A0017/B0026-FBA,2
A0017/B0028-FBA,4
A0019-FBA,0
A0021-FBA,0
A0021/B0021-FBA,12
A0022-FBA,1
A0022/B0022-FBA,2
A0022/B0041-FBA,0
A0033-FBA,0
A0033/B0033-FBA,5
A0036-FBA,1
A0036/B0036-FBA,3
A0036/B0036/C0036-FBA,1
A0038-FBA,0
A0038/B0037-FBA,3
A0038/B0037/C0037-FBA,0
A0040/B0120-FBA,0
A0040/B0120/D0027-FBA,0
A0040/B0120/D0040-FBA,0
A0040/B0120/D0120-FBA,0
A0040/B0120/D0208-FBA,0
A0042-FBA,3
A0042/B0042-FBA,11
A0042/B0091-FBA,2
A0043-FBA,2
A0043/B0043-FBA,3
A0043/B0044-FBA,46
A0043/B0044-P-FBA,4
A0043/B0044-P/D0044-FBA,7
A0043/B0044-P/E0162-FBA,3
A0043/B0044/D0044-FBA,1
A0043/B0044/E0162-FBA,0
A0043/B0326-FBA,1
A0043/B0326/E0162-FBA,0
A0046-FBA,1
A0046/B0046-FBA,11
A0046/B0046/D0046-FBA,0
A0046/B0046/D0181-FBA,0
A0050-FBA,0
A0050/B0050-FBA,3
A0050/B0050/D0050-FBA,0
A0052-FBA,0
A0052/B0052-FBA,0
A0055-FBA,0
A0055/B0055-FBA,2
A0055/B0055/D0055-FBA,0
A0056-FBA,0
A0056/B0056/D0056-FBA,0
A0070/B0070-FBA,1
A0079-FBA,0
A0079/B0079-FBA,1
A0082-FBA,0
A0082/B0082-FBA,4
A0082/B0082/C0082-FBA,1
A0082/B0082/C0082/D0082-FBA,0
A0082/B0082/C0082/E0082-FBA,0
A0082/B0082/D0082-FBA,0
A0082/B0082/E0082-FBA,0
A0082/B0109-FBA,0
A0082/B0109/C0082-FBA,0
A0083-FBA,0
A0083/B0083-FBA,0
A0083/B0083/C0229-FBA,1
A0083/B0083/C0229/D0083-FBA,0
A0083/B0128-FBA,3
A0084-FBA,0
A0085-FBA,0
A0085/B0035-FBA,0
A0085/B0035/D0047-FBA,1
A0086/B0086-FBA,0
A0087-FBA,0
A0087/B0087-FBA,10
A0087/B0087/D0087-FBA,2
A0088-FBA,0
A0089-FBA,0
A0094-FBA,16
A0094/B0026-FBA,11
A0094/B0027-FBA,0
A0094/B0028-FBA,19
A0098-FBA,1
A0098/B0098-FBA,1
A0102-FBA,1
A0102/B0102/D0102-FBA,0
A0103-FBA,2
A0103/B0103-FBA,46
A0103/B0103/D0103-FBA,0
A0104/B0104-FBA,6
A0104/B0104/D0205-FBA,3
A0106-FBA,5
A0106/B0106-FBA,19
A0106/B0106/D0106-FBA,1
A0107/B0033-FBA,10
A0108-FBA,1
A0108/B0022-FBA,3
A0108/B0041-FBA,1
A0108/B0146-FBA,0
A0108/B0155-FBA,3
A0108/B0197-FBA,1
A0108/B0272-FBA,0
A0108/B0272/C0272-FBA,1
A0108/B0272/C0272/D0272-FBA,1
A0108/B0272/D0272-FBA,0
A0114-FBA,0
A0114/B0114-FBA,12
A0114/B0114/C0114-FBA,1
A0114/B0114/D0114-FBA,0
A0115-FBA,1
A0115/B0115-FBA,6
A0115/B0115/D0115-FBA,4
A0115/B0217-FBA,1
A0116-FBA,24
A0116/B0042-FBA,19
A0116/B0091-FBA,3
A0117/B0049-FBA,0
A0118-FBA,0
A0118/B0035-FBA,1
A0118/B0035/D0047-FBA,1
A0119-FBA,0
A0119/B0070-FBA,18
A0119/B0070/D0070-FBA,0
A0120-FBA,0
A0120/B0120-FBA,7
A0120/B0120/D0208-FBA,8
A0121-FBA,40
A0121/B0121-FBA,101
A0122-FBA,5
A0122/B0122-FBA,1
A0123-FBA,0
A0123/B0123-FBA,0
A0125/B0125-FBA,0
A0126-FBA,3
A0126/B0048-FBA,1
A0127-FBA,0
A0127/B0071-FBA,3
A0127/B0071/C0071-FBA,1
A0127/B0071/C0071/D0113-FBA,1
A0127/B0071/C0071/E0113-FBA,0
A0127/B0071/C0233-FBA,2
A0127/B0071/C0233/D0113-FBA,0
A0127/B0071/D0071-FBA,0
A0127/B0071/D0113-FBA,0
A0127/B0071/E0113-FBA,0
A0128-FBA,2
A0128/B0083-FBA,1
A0128/B0083/C0083-FBA,0
A0128/B0083/C0083/D0083-FBA,1
A0128/B0083/C0083/D0128-FBA,0
A0128/B0083/C0083/E0229-FBA,0
A0128/B0083/C0229-FBA,1
A0128/B0083/C0229/D0128-FBA,4
A0128/B0083/D0083-FBA,1
A0128/B0128-FBA,3
A0128/B0128/D0083-FBA,0
A0128/B0128/D0128-FBA,1
A0128/B0128/E0229-FBA,0
A0129-FBA,0
A0129/B0129-FBA,1
A0129/B0129/D0129-FBA,0
A0130-FBA,1
A0130/B0130-FBA,4
A0131-FBA,5
A0131/B0131-FBA,8
A0131/B0131/C0131-FBA,1
A0131/B0131/C0131/D0131-FBA,0
A0131/B0131/C0131/E0131-FBA,2
A0131/B0131/E0131-FBA,0
A0134-FBA,2
A0134/B0134-FBA,6
A0134/B0134/D0134-FBA,1
A0135-FBA,0
A0136-P-FBA,2
A0136-P/B0153-FBA,5
A0136-P/B0153/C0153-FBA,7
A0136-P/B0153/C0153/D0153-FBA,0
A0136-P/B0153/D0153-FBA,0
A0136-P/B0153/E0153-FBA,0
A0136-P/B0159-FBA,10
A0136-P/B0163/C0153-FBA,0
A0136-P/B0166/C0166/E0159-FBA,2
A0136-P/B0221/C0166-FBA,0
A0136-P/B0221/C0166/E0159-FBA,1
A0136/B0136-FBA,34
A0136/B0148-FBA,15
A0136/B0153/C0153/E0153-FBA,0
A0136/B0159/E0159-FBA,3
A0136/B0163/E0153-FBA,0
A0136/B0166/C0166-FBA,0
A0136/B0221-FBA,0
A0136/B0221/E0159-FBA,0
A0137/B0137-FBA,0
A0137/B0137/D0137-FBA,0
A0139/B0073-FBA,5
A0139/B0236-FBA,3
A0144-FBA,1
A0144/B0125-FBA,8
A0145-FBA,2
A0145/B0145-FBA,12
A0145/B0145/D0145-FBA,0
A0147-FBA,0
A0147/B0147-FBA,2
A0147/B0147/D0147-FBA,0
A0150-FBA,0
A0150/B0150-FBA,31
A0150/B0150/D0150-FBA,8
A0151-FBA,1
A0151/B0151-FBA,14
A0151/B0151/D0237-FBA,1
A0152-FBA,0
A0152/B0152-FBA,0
A0152/B0152/C0152-FBA,0
A0152/B0152/D0152-FBA,0
A0152/B0201-FBA,1
A0152/B0201/D0152-FBA,0
A0157/B0157-FBA,0
A0158-FBA,0
A0158/B0158-FBA,3
A0158/B0158/C0158-FBA,0
A0158/B0158/D0158-FBA,0
A0161-FBA,0
A0161/B0082-FBA,22
A0161/B0082/C0082-FBA,3
A0161/B0082/C0082/E0082-FBA,1
A0161/B0082/D0082-FBA,0
A0161/B0109-FBA,1
A0161/B0109/C0082-FBA,0
A0161/B0109/C0082/E0082-FBA,2
A0164-FBA,0
A0164/B0164-FBA,0
A0164/B0227-FBA,5
A0165-FBA,0
A0165/B0165-FBA,0
A0167-FBA,3
A0167-P-FBA,2
A0167-P/B0167-FBA,2
A0167-P/B0188-FBA,0
A0167-P/B0199-FBA,0
A0167/B0167-FBA,119
A0167/B0172-FBA,0
A0167/B0188-FBA,0
A0167/B0199-FBA,0
A0168-FBA,2
A0168/B0168-FBA,13
A0168/B0168/D0168-FBA,0
A0169-FBA,0
A0169/B0169-FBA,0
A0169/B0169/D0169-FBA,2
A0170-FBA,2
A0173-FBA,2
A0173/B0173-FBA,4
A0173/B0173/D0173-FBA,2
A0174-FBA,0
A0174/B0174-FBA,2
A0175-FBA,14
A0175/B0175-FBA,1
A0176-FBA,17
A0176/B0176-FBA,10
A0176/B0297-FBA,3
A0177-FBA,8
A0177/B0176-FBA,9
A0177/B0297-FBA,2
A0178-FBA,8
A0178/B0178-FBA,16
A0178/B0179-FBA,8
A0182-FBA,3
A0182/B0182-FBA,0
A0183-FBA,0
A0183/B0183-FBA,11
A0183/B0183/C0183-FBA,0
A0183/B0183/C0185-FBA,7
A0183/B0183/C0185/E0185-FBA,0
A0183/B0183/E0185-FBA,0
A0183/B0303-FBA,0
A0183/B0303/C0184-FBA,0
A0183/B0303/C0184/D0183-FBA,1
A0183/B0303/C0184/E0183-FBA,0
A0183/B0303/C0186-FBA,2
A0183/B0303/C0186/E0185-FBA,1
A0183/B0303/D0183-FBA,0
A0187-FBA,0
A0190-FBA,1
A0191-FBA,3
A0191/B0191-FBA,42
A0191/B0191/C0191-FBA,0
A0191/B0191/C0191/D0191-FBA,1
A0191/B0191/D0191-FBA,1
A0191/B0191/D0209-FBA,1
A0192-FBA,1
A0192/B0192-FBA,1
A0192/B0192/D0192-FBA,1
A0193-FBA,23
A0193/B0193-FBA,41
A0193/B0193/D0193-FBA,27
A0193/B0195-FBA,2
A0193/B0195/D0195-FBA,2
A0194-FBA,2
A0194/B0194-FBA,1
A0194/B0194/D0194-FBA,2
A0194/B0236-FBA,0
A0196-FBA,3
A0196/B0196-FBA,0
A0196/B0196/D0196-FBA,0
A0198-FBA,1
A0198/B0198-FBA,17
A0198/B0198/C0198-FBA,0
A0198/B0198/C0198/D0198-FBA,0
A0198/B0198/D0198-FBA,1
A0200-FBA,4
A0200/B0200-FBA,1
A0200/B0200/C0200-FBA,1
A0200/B0200/C0200/D0200-FBA,3
A0200/B0200/C0200/E0219-FBA,1
A0200/B0200/C0219-FBA,4
A0200/B0200/E0219-FBA,0
A0203-FBA,3
A0203/B0203-FBA,3
A0203/B0203/D0203-FBA,0
A0203/B0203/E0203-FBA,0
A0203/B0239-FBA,0
A0203/B0239/C0239/E0203-FBA,0
A0204-FBA,1
A0204/B0102-FBA,0
A0206-FBA,2
A0206/B0206-FBA,22
A0206/B0206/D0206-FBA,0
A0207-FBA,1
A0207/B0207-FBA,8
A0212/B0188-FBA,2
A0212/B0199-FBA,0
A0213-FBA,1
A0213/B0046-FBA,0
A0213/B0046/D0046-FBA,0
A0213/B0220-FBA,0
A0214/B0214-FBA,4
A0214/B0214/D0214-FBA,0
A0216-FBA,1
A0216/B0216-FBA,10
A0218-FBA,2
A0218/B0218-FBA,3
A0218/B0218/D0218-FBA,2
A0222-FBA,0
A0222/B0222-FBA,0
A0223-FBA,1
A0223/B0223-FBA,1
A0223/B0223/D0223-FBA,2
A0224-FBA,0
A0224/B0224-FBA,0
A0224/B0224/D0224-FBA,0
A0224/B0224/D0397-FBA,3
A0225-FBA,0
A0225/B0225-FBA,1
A0225/B0225/D0225-FBA,0
A0226-FBA,4
A0226/B0136-FBA,38
A0226/B0148-FBA,5
A0230-FBA,3
A0230-P-FBA,0
A0230-P/B0248-P/D0416-FBA,2
A0230-R/B0230-R-FBA,2
A0230-R/B0230-R/E0230-R-FBA,1
A0230/B0230/E0230-FBA,0
A0230/B0248/D0230-FBA,0
A0231-FBA,3
A0231/B0047-FBA,16
A0232-FBA,24
A0232/B0232-FBA,0
A0232/B0232/C0232/E0232-FBA,0
A0232/B0291-FBA,101
A0232/B0291/E0232-FBA,2
A0232/B0349-FBA,9
A0232/B0349/E0232-FBA,2
A0232/B0359-FBA,1
A0234-FBA,0
A0234/B0056/D0079-FBA,0
A0235-FBA,0
A0235/B0235-FBA,1
A0235/B0235/D0235-FBA,1
A0235/B0259-FBA,16
A0235/B0259/D0235-FBA,1
A0240-FBA,1
A0240/B0240-FBA,53
A0241-FBA,2
A0242/B0242-FBA,4
A0242/B0242/C0242-FBA,1
A0242/B0242/C0242/E0242-FBA,1
A0242/B0242/E0242-FBA,0
A0243-FBA,1
A0243/B0243-FBA,4
A0243/B0243/D0243-FBA,2
A0244-FBA,2
A0244/B0206-FBA,47
A0244/B0206/D0428-FBA,0
A0245-FBA,2
A0245/B0082-FBA,15
A0245/B0082/C0082-FBA,5
A0245/B0082/D0082-FBA,2
A0245/B0082/E0082-FBA,0
A0245/B0109-FBA,3
A0245/B0109/C0082-FBA,1
A0245/B0109/C0082/D0082-FBA,0
A0245/B0109/C0082/E0082-FBA,0
A0245/B0109/D0082-FBA,0
A0246-FBA,14
A0246/B0172-P-FBA,0
A0246/B0246-FBA,61
A0246/B0298-FBA,9
A0247-FBA,1
A0247/B0047-FBA,43
A0247/B0305-FBA,2
A0250-FBA,23
A0250/B0250-FBA,82
A0250/B0250/D0251-FBA,0
A0250/B0250/D0385-FBA,1
A0250/B0250/D0386-FBA,5
A0252/B0047-FBA,2
A0252/B0305-FBA,1
A0253-FBA,0
A0253/B0048-FBA,4
A0254-FBA,0
A0254/B0047-FBA,0
A0254/B0305-FBA,0
A0255-FBA,1
A0255/B0255-FBA,0
A0255/B0255/D0256-FBA,2
A0257-FBA,3
A0257/B0257-FBA,3
A0257/B0257/C0257-FBA,0
A0257/B0257/C0257/D0257-FBA,0
A0257/B0257/D0257-FBA,2
A0260-FBA,6
A0260/B0133-FBA,0
A0262-FBA,0
A0262/B0262-FBA,3
A0262/B0262/D0262-FBA,0
A0263-FBA,2
A0263/B0263-FBA,2
A0264-FBA,2
A0264/B0264-FBA,5
A0264/B0264/D0264-FBA,1
A0265-FBA,0
A0265/B0265-FBA,1
A0265/B0265/D0265-FBA,0
A0266-FBA,3
A0266/B0266-FBA,1
A0269-FBA,1
A0269/B0269-FBA,2
A0269/B0269/D0269-FBA,0
A0270-FBA,0
A0270/B0270-FBA,0
A0270/B0270/C0431-FBA,1
A0270/B0270/C0431/E0431-FBA,1
A0270/B0270/D0431-FBA,0
A0275-FBA,1
A0275/B0275-FBA,20
A0280-FBA,1
A0280/B0280-FBA,0
A0280/B0280/D0280-FBA,1
A0289-FBA,0
A0289/B0289-FBA,2
A0289/B0289/D0289-FBA,2
A0296-FBA,17
A0296/B0020-FBA,1
A0296/B0097-FBA,1
A0298-FBA,1
A0298/B0199-P-FBA,3
A0298/B0298-FBA,2
A0299-FBA,0
A0299/B0299-FBA,0
A0299/B0299/D0299-FBA,0
A0300-FBA,3
A0300/B0300-FBA,4
A0300/B0300/C0300-FBA,1
A0300/B0300/C0300/D0300-FBA,2
A0300/B0300/C0300/E0300-FBA,2
A0300/B0300/D0300-FBA,2
A0301-FBA,0
A0301/B0301-FBA,6
A0301/B0301/D0301-FBA,2
A0310-FBA,0
A0310/B0310-FBA,3
A0310/B0310/D0310-FBA,0
A0312-FBA,0
A0312/B0312-FBA,5
A0312/B0312/D0312-FBA,5
A0313/B0313-FBA,2
A0314-FBA,1
A0314/B0314-FBA,3
A0314/B0314/D0314-FBA,0
A0315-FBA,6
A0315/B0071-FBA,9
A0315/B0071/C0071-FBA,0
A0315/B0071/C0233-FBA,3
A0315/B0071/C0233/D0113-FBA,1
A0315/B0071/D0071-FBA,3
A0315/B0071/D0113-FBA,2
A0316-FBA,5
A0316/B0316-FBA,18
A0316/B0316/D0316-FBA,0
A0316/B0316/D0383-FBA,2
A0316/B0384-FBA,5
A0316/B0459-FBA,1
A0317-FBA,3
A0317/B0182-FBA,2
A0319-FBA,1
A0319/B0048-FBA,5
A0320-FBA,1
A0320/B0048-FBA,1
A0323/B0323-FBA,0
A0324/B0324-FBA,0
A0325-FBA,0
A0325/B0325-FBA,1
A0325/B0325/C0325-FBA,95
A0325/B0325/C0325/E0325-FBA,2
A0328-FBA,96
A0329/B0329-FBA,0
A0330/B0330-FBA,2
A0331-FBA,0
A0331/B0331-FBA,18
A0331/B0331/D0331-FBA,0
A0331/B0331/D0361-FBA,3
A0333-FBA,2
A0333/B0310-FBA,12
A0333/B0310/D0310-FBA,0
A0340-FBA,3
A0340/B0340-FBA,0
A0340/B0340/D0342-FBA,1
A0341-FBA,3
A0341/B0341-FBA,6
A0341/B0341/D0341-FBA,1
A0343-FBA,3
A0343/B0343/C0343-FBA,0
A0343/B0343/C0343/D0343-FBA,0
A0343/B0345-FBA,4
A0343/B0345/D0343-FBA,0
A0345/B0345-FBA,0
A0346-FBA,0
A0346/B0183-FBA,3
A0346/B0183/C0183/E0183-FBA,0
A0346/B0183/C0185-FBA,0
A0346/B0183/C0185/E0185-FBA,0
A0346/B0303-FBA,0
A0346/B0303/C0184-FBA,0
A0346/B0303/C0186-FBA,0
A0346/B0303/C0186/E0185-FBA,0
A0347-FBA,0
A0348-FBA,0
A0350-FBA,5
A0350/B0350-FBA,48
A0350/B0350/D0351-FBA,1
A0350/B0350/E0350-FBA,1
A0350/B0350/E0351-FBA,3
A0350/B0351-FBA,5
A0350/B0351/C0351-FBA,12
A0350/B0351/C0351/D0350-FBA,10
A0350/B0351/C0351/D0351-FBA,0
A0350/B0351/C0351/E0350-FBA,0
A0350/B0351/C0351/E0351-FBA,8
A0350/B0351/D0350-FBA,0
A0350/B0351/E0350-FBA,0
A0352/B0352-FBA,0
A0353/B0263-FBA,1
A0354-FBA,1
A0354/B0207-FBA,10
A0355-FBA,2
A0355/B0355-FBA,3
A0355/B0355/C0355-FBA,1
A0355/B0355/D0355-FBA,0
A0355/B0356-FBA,3
A0360-FBA,3
A0360/B0360-FBA,7
A0360/B0360/D0360-FBA,3
A0363-FBA,6
A0364/B0364/C0364-FBA,0
A0364/B0364/C0364/D0364-FBA,0
A0364/B0364/C0364/E0364-FBA,1
A0364/B0364/D0364-FBA,1
A0365/B0365-FBA,3
A0369-FBA,1
A0369/B0369-FBA,12
A0369/B0370-FBA,6
A0369/B0374-FBA,5
A0371-FBA,4
A0371/B0371-FBA,54
A0371/B0371/D0371-FBA,18
A0373-FBA,3
A0373/B0369-FBA,0
A0373/B0370-FBA,4
A0373/B0374-FBA,0
A0376-FBA,3
A0376/B0376-FBA,24
A0376/B0376/D0376-FBA,0
A0377-FBA,2
A0377/B0377-FBA,0
A0378-FBA,0
A0392-FBA,3
A0398-FBA,3
A0398/B0398-FBA,0
A0398/B0398/D0398-FBA,6
A0400-FBA,0
A0400/B0400-FBA,17
A0400/B0402-FBA,0
A0401/B0400-FBA,2
A0401/B0402-FBA,0
A0410-FBA,3
A0410/B0410-FBA,33
A0411-FBA,3
A0411/B0411-FBA,17
A0411/B0411/D0411-FBA,7
A0417-FBA,4
A0417/B0417-FBA,17
A0417/B0417/D0417-FBA,1
A0417/B0417/E0417-FBA,0
A0418-FBA,4
A0418/B0418-FBA,14
A0419-FBA,0
A0419/B0419-FBA,2
A0419/B0419/D0419-FBA,1
A0420-FBA,0
A0420/B0420-FBA,4
A0420/B0420/D0420-FBA,0
A0421-FBA,1
A0421/B0421-FBA,0
A0421/B0421/D0421-FBA,2
A0422-FBA,3
A0422/B0422-FBA,45
A0422/B0422/D0422-FBA,16
A0423-FBA,2
A0424-FBA,0
A0424/B0424-FBA,0
A0424/B0424/D0425-FBA,1
A0426-FBA,0
A0426/B0370-FBA,2
A0429-FBA,0
A0429/B0429-FBA,6
A0429/B0429/D0429-FBA,0
A0430-FBA,2
A0432-FBA,1
A0432/B0432-FBA,2
A0433-FBA,14
A0433/B0433-FBA,4
A0434/B0433-FBA,2
A0441-FBA,0
A0441/B0441-FBA,3
A0441/B0441/D0441-FBA,0
A0446-FBA,3
A0446/B0446-FBA,2
A0446/B0446/D0446-FBA,0
A0450-FBA,5
A0450/B0450-FBA,0
A0450/B0453-FBA,5
A0451-FBA,0
A0451/B0450-FBA,2
A0454-FBA,4
A0456-FBA,0
A0456/B0456-FBA,3
A0467/B0467-FBA,0
A0469-FBA,0
A0469/B0469-FBA,4
A0469/B0469/D0469-FBA,0
A0472-FBA,1
A1015-FBA,0
A1015/B1099-FBA,0
A1021-FBA,1
A1043/B1044-FBA,0
A1043/B1044-P-FBA,6
A1043/B1044/D1043-FBA,0
A1043/B1326-FBA,1
A1046-FBA,0
A1049/B1049-FBA,0
A1085/B1035-FBA,0
A1087/B1087-FBA,0
A1106/B1106-FBA,0
A1115-FBA,3
A1115/B1115-FBA,0
A1118-FBA,1
A1118/B1035-FBA,2
A1136-FBA,0
A1136/B1136-FBA,2
A1136/B1148-FBA,0
A1136/B1153-FBA,0
A1136/B1153/C1153-FBA,0
A1136/B1153/D1153-FBA,0
A1167/B1167-FBA,1
A1200/B1200-FBA,0
A1246/B1172-P-FBA,0
A1246/B1246-FBA,2
A2015-FBA,0
A2015/B2020-FBA,1
A2015/B2097-FBA,0
A2019-FBA,0
A2021/B2021-FBA,2
A2036-FBA,0
A2036/B2036/C2036-FBA,0
A2040-FBA,0
A2043-FBA,11
A2043/B2044-FBA,0
A2043/B2044-P-FBA,4
A2043/B2044-P/D2044-FBA,4
A2043/B2326-FBA,1
A2046-FBA,0
A2046/B2046-FBA,1
A2046/B2046/D2046-FBA,0
A2049-FBA,0
A2083-FBA,0
A2083/B2083/C2083-FBA,0
A2083/B2083/C2083/E2229-FBA,0
A2087-FBA,0
A2087/B2087-FBA,0
A2102-FBA,0
A2102/B2102-FBA,1
A2103-FBA,0
A2103/B2103-FBA,1
A2103/B2103/D2103-FBA,1
A2108/B2022-FBA,0
A2117-FBA,0
A2117/B2049-FBA,0
A2128-FBA,1
A2128/B2083-FBA,1
A2128/B2083/C2083-FBA,1
A2128/B2083/C2083/D2128-FBA,0
A2128/B2128-FBA,0
A2128/B2128/D2128-FBA,1
A2167/B2167-FBA,0
A2167/B2188-FBA,0
A2174-FBA,0
A2178/B2178-FBA,0
A2182/B2182-FBA,1
A2200/B2200-FBA,0
A2200/B2200/C2200-FBA,1
A2230-R-FBA,0
A2230/B2230-FBA,0
A2230/B2230/E2230-FBA,2
A2246-FBA,0
A2246/B2246-FBA,0
A3043-FBA,0
A3043/B3043-FBA,0
A3043/B3044-FBA,5
A3043/B3044/D3044-FBA,0
A3136-FBA,0
A3136/B3136-FBA,0
A3164-FBA,0
A3164/B3164-FBA,0
A3230-FBA,0
A3230-P-FBA,0
A3230/B3230-FBA,21
B0012-FBA,0
B0015-FBA,3
B0020-FBA,0
B0022-FBA,0
B0028-FBA,3
B0033-FBA,2
B0035-FBA,0
B0036-FBA,0
B0037-FBA,1
B0041-FBA,2
B0042-FBA,3
B0043-FBA,0
B0044-FBA,2
B0044-P-FBA,5
B0046-FBA,0
B0047-FBA,17
B0048-FBA,1
B0050-FBA,0
B0052-FBA,3
B0055-FBA,0
B0056-FBA,0
B0070-FBA,1
B0071-FBA,2
B0079-FBA,0
B0082-FBA,4
B0086-FBA,0
B0099-FBA,0
B0102-FBA,0
B0103-FBA,4
B0104-FBA,0
B0106-FBA,1
B0109-FBA,1
B0114-FBA,0
B0115-FBA,4
B0120-FBA,1
B0121-FBA,5
B0122-FBA,0
B0125-FBA,0
B0128-FBA,4
B0129-FBA,1
B0130-FBA,1
B0131-FBA,2
B0133-FBA,0
B0134-FBA,0
B0136-FBA,5
B0146-FBA,0
B0147-FBA,0
B0148-FBA,5
B0150-FBA,0
B0151-FBA,1
B0152-FBA,0
B0153-FBA,2
B0155-FBA,11
B0158-FBA,1
B0159-FBA,1
B0164-FBA,2
B0167-FBA,1
B0168-FBA,0
B0169-FBA,0
B0170-FBA,0
B0173-FBA,0
B0174-FBA,0
B0175-FBA,2
B0176-FBA,4
B0178-FBA,0
B0179-FBA,1
B0182-FBA,5
B0183-FBA,2
B0187-FBA,0
B0188-FBA,0
B0190-FBA,1
B0191-FBA,0
B0192-FBA,2
B0193-FBA,0
B0195-FBA,2
B0197-FBA,0
B0200-FBA,0
B0201-FBA,0
B0203-FBA,2
B0206-FBA,1
B0207-FBA,1
B0211-FBA,1
B0215-FBA,0
B0216-FBA,1
B0217-FBA,0
B0218-FBA,1
B0220-FBA,0
B0221-FBA,0
B0222-FBA,2
B0224-FBA,1
B0225-FBA,0
B0227-FBA,1
B0230-FBA,4
B0232-FBA,0
B0235-FBA,1
B0236-FBA,0
B0239-FBA,0
B0240-FBA,0
B0242-FBA,1
B0246-FBA,1
B0248-FBA,1
B0248-R-FBA,0
B0250-FBA,2
B0255-FBA,0
B0257-FBA,0
B0259-FBA,1
B0262-FBA,0
B0263-FBA,2
B0264-FBA,0
B0265-FBA,0
B0266-FBA,0
B0270-FBA,0
B0272-FBA,0
B0275-FBA,2
B0280-FBA,0
B0291-FBA,4
B0297-FBA,1
B0298-FBA,10
B0299-FBA,0
B0300-FBA,1
B0301-FBA,0
B0303-FBA,2
B0305-FBA,1
B0310-FBA,1
B0312-FBA,0
B0314-FBA,1
B0316-FBA,3
B0326-FBA,1
B0329-FBA,0
B0330-FBA,1
B0331-FBA,0
B0340-FBA,0
B0343-FBA,0
B0345-FBA,7
B0349-FBA,2
B0350-FBA,0
B0351-FBA,1
B0355-FBA,1
B0360-FBA,0
B0369-FBA,2
B0370-FBA,0
B0371-FBA,0
B0374-FBA,3
B0376-FBA,2
B0377-FBA,1
B0384-FBA,0
B0398-FBA,1
B0400-FBA,1
B0402-FBA,0
B0411-FBA,0
B0417-FBA,0
B0418-FBA,3
B0420-FBA,2
B0422-FBA,0
B0424-FBA,1
B0433-FBA,0
B0446-FBA,1
B0453-FBA,0
B0455-FBA,2
B0456-FBA,0
B0459-FBA,0
B1015-FBA,0
B1021-FBA,0
B1027-FBA,0
B1035-FBA,0
B1044-FBA,1
B1046-FBA,0
B1087-FBA,0
B1115-FBA,0
B1326-FBA,0
B2022-FBA,0
B2044-FBA,4
B2044-P-FBA,1
B2046-FBA,1
B2083-FBA,4
B2102-FBA,0
B2103-FBA,0
B2178-FBA,0
B2200-FBA,0
B2230-FBA,1
B3136-FBA,1
B3164-FBA,0
B3230-FBA,0
C0015-FBA,1
C0036-FBA,0
C0037-FBA,0
C0082-FBA,47
C0083-FBA,3
C0131-FBA,3
C0152-FBA,5
C0153-FBA,5
C0158-FBA,2
C0166-FBA,0
C0183-FBA,0
C0184-FBA,0
C0185-FBA,0
C0186-FBA,0
C0191-FBA,3
C0198-FBA,4
C0200-FBA,12
C0219-FBA,2
C0223-FBA,0
C0229-FBA,0
C0232-FBA,2
C0233-FBA,0
C0242-FBA,2
C0248-FBA,0
C0257-FBA,2
C0272-FBA,3
C0325-FBA,1
C0343-FBA,2
C0351-FBA,10
C0355-FBA,1
C0364-FBA,6
C0423-FBA,40
C0431-FBA,1
C1153-FBA,2
C2015-FBA,0
C2083-FBA,3
C2152-FBA,0
C2200-FBA,0
C2248-FBA,0
D0013-FBA,0
D0021-FBA,0
D0030-FBA,0
D0043-FBA,1
D0044-FBA,0
D0045-FBA,2
D0046-FBA,6
D0047-FBA,1
D0048-FBA,0
D0055-FBA,0
D0056-FBA,0
D0070-FBA,0
D0071-FBA,4
D0072-FBA,0
D0075-FBA,0
D0082-FBA,2
D0083-FBA,5
D0084-FBA,2
D0087-FBA,2
D0102-FBA,0
D0106-FBA,9
D0111-FBA,0
D0112-FBA,0
D0113-FBA,42
D0114-FBA,4
D0115-FBA,0
D0120-FBA,0
D0128-FBA,0
D0129-FBA,2
D0130-FBA,1
D0131-FBA,6
D0134-FBA,9
D0139-FBA,1
D0140-FBA,0
D0142-FBA,0
D0143-FBA,0
D0145-FBA,2
D0150-FBA,1
D0151-FBA,0
D0152-FBA,2
D0153-FBA,9
D0158-FBA,0
D0159-FBA,0
D0168-FBA,14
D0169-FBA,4
D0170-FBA,0
D0171-FBA,0
D0173-FBA,0
D0181-FBA,8
D0183-FBA,25
D0189-FBA,0
D0191-FBA,1
D0192-FBA,6
D0193-FBA,1
D0193-SML-FBA,2
D0194-FBA,1
D0195-FBA,1
D0198-FBA,0
D0200-FBA,9
D0203-FBA,1
D0205-FBA,0
D0206-FBA,2
D0208-FBA,0
D0209-FBA,0
D0214-FBA,0
D0215-FBA,0
D0218-FBA,2
D0222-FBA,14
D0223-FBA,2
D0224-FBA,0
D0225-FBA,2
D0230-FBA,2
D0230-R-FBA,0
D0235-FBA,1
D0242-FBA,3
D0243-FBA,0
D0244-FBA,0
D0251-FBA,0
D0256-FBA,1
D0257-FBA,3
D0262-FBA,1
D0263-FBA,0
D0264-FBA,2
D0265-FBA,1
D0266-FBA,0
D0267-FBA,0
D0268-FBA,0
D0269-FBA,2
D0272-FBA,1
D0274-FBA,0
D0278-FBA,1
D0280-FBA,3
D0288-FBA,0
D0289-FBA,1
D0290-FBA,1
D0293-FBA,2
D0299-FBA,1
D0300-FBA,8
D0301-FBA,3
D0308-FBA,0
D0310-FBA,11
D0312-FBA,21
D0313-FBA,2
D0314-FBA,1
D0316-FBA,1
D0330-FBA,1
D0331-FBA,3
D0337-FBA,0
D0338-FBA,1
D0339-FBA,1
D0340-FBA,1
D0341-FBA,3
D0342-FBA,3
D0343-FBA,4
D0345-FBA,0
D0350-FBA,3
D0351-FBA,5
D0352-FBA,2
D0355-FBA,2
D0357-FBA,2
D0358-FBA,4
D0360-FBA,2
D0361-FBA,3
D0364-FBA,0
D0365-FBA,0
D0366-FBA,10
D0371-FBA,2
D0375-FBA,0
D0376-FBA,10
D0378-FBA,0
D0383-FBA,0
D0385-FBA,0
D0386-FBA,26
D0394-FBA,0
D0397-FBA,10
D0398-FBA,10
D0399-FBA,1
D0406-FBA,1
D0408-FBA,0
D0411-FBA,0
D0416-FBA,2
D0417-FBA,2
D0418-FBA,4
D0419-FBA,2
D0420-FBA,18
D0421-FBA,5
D0422-FBA,31
D0423-FBA,4
D0424-FBA,4
D0425-FBA,0
D0428-FBA,0
D0429-FBA,1
D0431-FBA,6
D0432-FBA,0
D0437-FBA,0
D0441-FBA,1
D0446-FBA,2
D0461-FBA,1
D0467-FBA,0
D0469-FBA,2
D0470-FBA,0
D0471-FBA,1
D0474-FBA,2
D0476-FBA,0
D1014-FBA,1
D1043-FBA,0
D1046-FBA,1
D1051-FBA,0
D1082-FBA,1
D1106-FBA,0
D1115-FBA,0
D1153-FBA,0
D1181-FBA,2
D1200-FBA,0
D2051-FBA,2
D2103-FBA,3
D2106-FBA,0
D2128-FBA,1
D2152-FBA,0
D2181-FBA,0
D2230-FBA,1
D2230-R-FBA,0
D3043-FBA,0
E0082-FBA,0
E0113-FBA,0
E0152-FBA,2
E0153-FBA,0
E0159-FBA,0
E0162-FBA,0
E0185-FBA,0
E0200-FBA,0
E0203-FBA,0
E0219-FBA,5
E0223-FBA,1
E0229-FBA,0
E0230-FBA,0
E0232-FBA,10
E0238-FBA,4
E0242-FBA,0
E0300-FBA,1
E0325-FBA,9
E0343-FBA,0
E0345-FBA,0
E0350-FBA,1
E0364-FBA,0
E0377-FBA,0
E0417-FBA,0
E0423-FBA,3
E1229-FBA,0
E2229-FBA,0
E2230-FBA,0
F1010-FBA,0
K0121-FBA,2
K0136-FBA,5
K0155-FBA,0
K0167-FBA,8
K0207-FBA,23
K0369-FBA,2
K0400-FBA,3
K0410-FBA,5
K0459-FBA,3
RA0316/RB0316-FBA,0
RA0316/RB0459-FBA,1
SA0012-FBA,1
SA0015-FBA,2
SA0015/B0015-FBA,3
SA0015/B0015/C0015-FBA,0
SA0015/B0015/C0015/E0238-FBA,1
SA0015/B0015/D0045-FBA,0
SA0015/B0020-FBA,3
SA0015/B0099/D0045-FBA,0
SA0015/B0160-FBA,1
SA0017-FBA,0
SA0017/B0026-FBA,0
SA0017/B0028-FBA,1
SA0019-FBA,0
SA0021/B0021-FBA,3
SA0022-FBA,0
SA0022/B0022-FBA,3
SA0022/B0041-FBA,1
SA0033/B0033-FBA,2
SA0036-FBA,0
SA0036/B0036-FBA,3
SA0036/B0036/C0036-FBA,1
SA0038-FBA,1
SA0038/B0037-FBA,1
SA0040/B0120-FBA,0
SA0042-FBA,0
SA0042/B0042-FBA,0
SA0043-FBA,4
SA0043/B0043-FBA,2
SA0043/B0044-FBA,13
SA0043/B0044/D0044-FBA,1
SA0043/B0044/E0162-FBA,0
SA0043/B0326/E0162-FBA,1
SA0046-FBA,5
SA0046/B0046-FBA,152
SA0046/B0046/D0046-FBA,0
SA0046/B0046/D0181-FBA,1
SA0050-FBA,0
SA0050/B0050-FBA,2
SA0055-FBA,0
SA0055/B0055-FBA,0
SA0055/B0055/D0055-FBA,0
SA0056-FBA,0
SA0056/B0056-FBA,1
SA0056/B0056/D0056-FBA,0
SA0070-FBA,0
SA0070/B0070-FBA,0
SA0079/B0079-FBA,0
SA0082-FBA,2
SA0082/B0082-FBA,0
SA0082/B0082/C0082-FBA,0
SA0082/B0082/C0082/D0082-FBA,0
SA0082/B0082/D0082-FBA,0
SA0082/B0109-FBA,0
SA0082/B0109/C0082/E0082-FBA,0
SA0083-FBA,0
SA0083/B0083-FBA,0
SA0083/B0083/C0083-FBA,1
SA0083/B0083/C0083/D0128-FBA,0
SA0083/B0083/C0229-FBA,0
SA0083/B0083/C0229/D0128-FBA,1
SA0083/B0128-FBA,0
SA0084-FBA,1
SA0085/B0035-FBA,0
SA0085/B0035/D0047-FBA,0
SA0087/B0087-FBA,1
SA0089-FBA,1
SA0089/B0089-FBA,0
SA0094-FBA,0
SA0094/B0026-FBA,2
SA0094/B0027-FBA,0
SA0094/B0028-FBA,2
SA0098-FBA,0
SA0098/B0098-FBA,1
SA0103-FBA,0
SA0103/B0103-FBA,4
SA0104/B0104-FBA,2
SA0106-FBA,1
SA0106/B0106-FBA,1
SA0106/B0106/D0106-FBA,2
SA0107-FBA,0
SA0107/B0033-FBA,1
SA0108-FBA,0
SA0108/B0022-FBA,0
SA0108/B0041-FBA,0
SA0108/B0146-FBA,1
SA0108/B0155-FBA,8
SA0108/B0197-FBA,0
SA0108/B0272/C0272-FBA,3
SA0108/B0272/C0272/D0028-FBA,0
SA0114-FBA,0
SA0114/B0114-FBA,4
SA0114/B0114/C0114-FBA,0
SA0114/B0114/C0114/D0143-FBA,0
SA0114/B0114/D0114-FBA,1
SA0115-FBA,0
SA0115/B0115-FBA,1
SA0115/B0115/D0115-FBA,8
SA0115/B0217-FBA,0
SA0116-FBA,2
SA0116/B0042-FBA,3
SA0116/B0091-FBA,0
SA0117-FBA,0
SA0117/B0049-FBA,2
SA0118-FBA,0
SA0118/B0035-FBA,4
SA0118/B0035/D0047-FBA,0
SA0119-FBA,0
SA0119/B0070-FBA,4
SA0119/B0070/D0070-FBA,1
SA0120-FBA,0
SA0120/B0120-FBA,1
SA0120/B0120/D0040-FBA,0
SA0120/B0120/D0120-FBA,0
SA0120/B0120/D0208-FBA,2
SA0121-FBA,12
SA0121/B0121-FBA,22
SA0121/B0121/K0121-FBA,0
SA0122-FBA,0
SA0122/B0122-FBA,0
SA0123/B0123-FBA,1
SA0125/B0125-FBA,0
SA0126-FBA,0
SA0126/B0048-FBA,6
SA0127-FBA,0
SA0127/B0071-FBA,2
SA0127/B0071/C0071-FBA,1
SA0127/B0071/C0233-FBA,0
SA0127/B0071/C0233/E0113-FBA,0
SA0127/B0071/D0071-FBA,1
SA0127/B0071/D0113-FBA,0
SA0128-FBA,1
SA0128/B0083-FBA,1
SA0128/B0083/C0083-FBA,4
SA0128/B0083/C0083/D0128-FBA,0
SA0128/B0083/C0229-FBA,4
SA0128/B0083/C0229/D0083-FBA,0
SA0128/B0083/C0229/D0128-FBA,3
SA0128/B0083/D0083-FBA,0
SA0128/B0128-FBA,3
SA0128/B0128/D0128-FBA,1
SA0129-FBA,1
SA0129/B0129-FBA,48
SA0129/B0129/D0129-FBA,0
SA0130-FBA,0
SA0130/B0130-FBA,0
SA0131-FBA,4
SA0131/B0131-FBA,21
SA0131/B0131/C0131-FBA,17
SA0131/B0131/C0131/D0131-FBA,3
SA0131/B0131/D0131-FBA,1
SA0131/B0131/E0131-FBA,0
SA0134-FBA,1
SA0134/B0134-FBA,2
SA0134/B0134/D0134-FBA,0
SA0135-FBA,0
SA0135/B0135-FBA,0
SA0136-FBA,3
SA0136/B0136-FBA,0
SA0136/B0148-FBA,1
SA0136/B0153-FBA,2
SA0136/B0153/C0153-FBA,1
SA0136/B0153/C0153/D0153-FBA,0
SA0136/B0153/C0153/E0153-FBA,3
SA0136/B0153/D0153-FBA,0
SA0136/B0153/E0153-FBA,0
SA0136/B0159-FBA,26
SA0136/B0159/E0159-FBA,0
SA0136/B0163-FBA,0
SA0136/B0163/C0153/E0153-FBA,1
SA0136/B0163/D0153-FBA,0
SA0136/B0163/E0153-FBA,0
SA0136/B0166/C0166-FBA,0
SA0136/B0221-FBA,18
SA0136/B0221/C0166-FBA,13
SA0136/B0221/C0166/D0159-FBA,2
SA0136/B0221/C0166/E0159-FBA,1
SA0136/B0444-FBA,2
SA0136/B0445-FBA,0
SA0136/B0445/D0153-FBA,0
SA0144-FBA,0
SA0144/B0125-FBA,3
SA0145-FBA,2
SA0145/B0145-FBA,0
SA0145/B0145/D0145-FBA,0
SA0147-FBA,0
SA0147/B0147-FBA,0
SA0147/B0147/D0147-FBA,0
SA0150-FBA,2
SA0150/B0150-FBA,21
SA0150/B0150/D0150-FBA,4
SA0151-FBA,1
SA0151/B0151-FBA,3
SA0151/B0151/D0151-FBA,2
SA0151/B0151/D0237-FBA,0
SA0152-FBA,0
SA0152/B0152-FBA,2
SA0152/B0152/C0152-FBA,0
SA0152/B0152/C0152/D0152-FBA,0
SA0152/B0152/C0152/E0152-FBA,0
SA0152/B0152/D0152-FBA,1
SA0152/B0201-FBA,11
SA0152/B0201/E0152-FBA,0
SA0157/B0157-FBA,1
SA0158-FBA,1
SA0158/B0158-FBA,15
SA0158/B0158/C0158-FBA,3
SA0158/B0158/C0158/D0158-FBA,0
SA0158/B0158/D0158-FBA,0
SA0161-FBA,0
SA0161/B0082-FBA,2
SA0161/B0082/C0082-FBA,2
SA0161/B0082/C0082/E0082-FBA,0
SA0161/B0109-FBA,1
SA0161/B0109/C0082-FBA,0
SA0164-FBA,3
SA0164/B0164-FBA,5
SA0164/B0227-FBA,1
SA0165/B0165-FBA,2
SA0167-FBA,11
SA0167/B0167-FBA,26
SA0167/B0167/K0167-FBA,0
SA0167/B0172-FBA,0
SA0167/B0188-FBA,3
SA0168-FBA,0
SA0168/B0168-FBA,1
SA0168/B0168/D0168-FBA,1
SA0169-FBA,1
SA0169/B0169-FBA,0
SA0170-FBA,0
SA0170/B0170/D0170-FBA,0
SA0173-FBA,2
SA0173/B0173/D0173-FBA,0
SA0174/B0174-FBA,0
SA0175-FBA,0
SA0175/B0175-FBA,1
SA0176-FBA,2
SA0176/B0176-FBA,28
SA0176/B0297-FBA,0
SA0177-FBA,2
SA0177/B0176-FBA,3
SA0178-FBA,2
SA0178/B0178-FBA,16
SA0178/B0179-FBA,3
SA0182-FBA,2
SA0182/B0182-FBA,0
SA0183/B0183-FBA,2
SA0183/B0183/C0183-FBA,1
SA0183/B0183/C0183/D0183-FBA,1
SA0183/B0183/C0185-FBA,1
SA0183/B0183/C0185/E0185-FBA,2
SA0183/B0303/C0184/E0183-FBA,0
SA0183/B0303/C0186-FBA,0
SA0183/B0303/D0183-FBA,0
SA0191-FBA,1
SA0191/B0191-FBA,6
SA0191/B0191/C0191-FBA,21
SA0191/B0191/C0191/D0191-FBA,0
SA0191/B0191/D0191-FBA,1
SA0191/B0191/D0209-FBA,0
SA0192-FBA,0
SA0192/B0192-FBA,5
SA0192/B0192/D0192-FBA,3
SA0193-FBA,4
SA0193/B0193-FBA,61
SA0193/B0193/D0193-FBA,6
SA0193/B0195-FBA,3
SA0193/B0195/D0195-FBA,0
SA0194-FBA,2
SA0194/B0194-FBA,2
SA0194/B0194/D0194-FBA,2
SA0196-FBA,1
SA0196/B0196-FBA,1
SA0198-FBA,1
SA0198/B0198-FBA,0
SA0198/B0198/C0198-FBA,0
SA0198/B0198/C0198/D0198-FBA,1
SA0198/B0198/D0198-FBA,0
SA0200-FBA,0
SA0200/B0200-FBA,5
SA0200/B0200/C0200-FBA,1
SA0200/B0200/C0200/D0200-FBA,1
SA0200/B0200/C0200/E0219-FBA,1
SA0200/B0200/C0219-FBA,4
SA0200/B0200/C0219/D0200-FBA,0
SA0200/B0200/C0219/E0219-FBA,0
SA0200/B0200/D0200-FBA,0
SA0200/B0200/E0200-FBA,0
SA0203-FBA,0
SA0203/B0203-FBA,10
SA0203/B0203/D0203-FBA,2
SA0203/B0239/C0239-FBA,0
SA0204/B0102-FBA,0
SA0206-FBA,0
SA0206/B0206-FBA,2
SA0206/B0206/D0206-FBA,0
SA0207-FBA,1
SA0207/B0207-FBA,0
SA0207/B0211-FBA,0
SA0212-FBA,1
SA0212/B0188-FBA,3
SA0212/B0199-FBA,0
SA0213-FBA,0
SA0213/B0046-FBA,1
SA0213/B0046/D0046-FBA,0
SA0214-FBA,0
SA0214/B0215/D0215-FBA,1
SA0216-FBA,2
SA0216/B0216-FBA,8
SA0216/B0329-FBA,3
SA0218-FBA,1
SA0218/B0218-FBA,0
SA0218/B0218/D0218-FBA,0
SA0222/B0222/C0222/D0357-FBA,0
SA0222/B0222/D0222-FBA,0
SA0223-FBA,0
SA0223/B0223-FBA,0
SA0223/B0223/E0223-FBA,0
SA0224-FBA,2
SA0224/B0224-FBA,2
SA0224/B0224/D0224-FBA,0
SA0224/B0224/D0397-FBA,0
SA0224/B0224/D0506-FBA,0
SA0225-FBA,1
SA0225/B0225-FBA,2
SA0225/B0225/D0225-FBA,0
SA0226-FBA,0
SA0226/B0148-FBA,0
SA0230-P-FBA,0
SA0230-P/B0248-P/D0416-FBA,0
SA0230-R-FBA,0
SA0230-R/B0230-R-FBA,0
SA0230/B0230-FBA,1
SA0230/B0230/E0230-FBA,3
SA0230/B0248/C0248/D0230-FBA,0
SA0230/B0248/D0230-FBA,0
SA0230/B0248/D0507-FBA,0
SA0231-FBA,0
SA0231/B0047-FBA,3
SA0231/B0305-FBA,0
SA0232-FBA,10
SA0232/B0232/C0232-FBA,4
SA0232/B0232/C0232/E0232-FBA,1
SA0232/B0291-FBA,28
SA0232/B0291/E0232-FBA,1
SA0232/B0349-FBA,3
SA0232/B0349/E0232-FBA,2
SA0232/B0359-FBA,1
SA0232/B0359/E0232-FBA,1
SA0234/B0056-FBA,0
SA0235/B0235-FBA,0
SA0235/B0235/D0235-FBA,0
SA0235/B0259-FBA,0
SA0235/B0259/D0235-FBA,0
SA0240-FBA,5
SA0240/B0240-FBA,27
SA0241-FBA,28
SA0242-FBA,0
SA0242/B0242-FBA,1
SA0242/B0242/C0242/E0242-FBA,0
SA0243-FBA,2
SA0243/B0243-FBA,1
SA0244-FBA,15
SA0244/B0206-FBA,27
SA0244/B0206/D0244-FBA,2
SA0244/B0206/D0428-FBA,0
SA0244/B0206/D0528-FBA,4
SA0244/B0536-FBA,37
SA0245-FBA,0
SA0245/B0082-FBA,0
SA0245/B0082/C0082-FBA,1
SA0245/B0082/C0082/D0082-FBA,0
SA0245/B0082/C0082/E0082-FBA,1
SA0245/B0082/D0082-FBA,0
SA0245/B0082/E0082-FBA,0
SA0245/B0109-FBA,0
SA0245/B0109/C0082-FBA,1
SA0245/B0109/C0082/D0082-FBA,0
SA0245/B0109/C0082/E0082-FBA,0
SA0246-FBA,0
SA0246/B0246-FBA,7
SA0246/B0298-FBA,1
SA0247/B0047-FBA,0
SA0247/B0305-FBA,2
SA0250-FBA,5
SA0250/B0250-FBA,121
SA0250/B0250/D0251-FBA,0
SA0250/B0250/D0385-FBA,0
SA0250/B0250/D0386-FBA,21
SA0252/B0047-FBA,2
SA0253-FBA,0
SA0253/B0048-FBA,1
SA0254/B0047-FBA,0
SA0255/B0255-FBA,0
SA0255/B0255/D0256-FBA,1
SA0257-FBA,1
SA0257/B0257-FBA,10
SA0257/B0257/C0257-FBA,0
SA0257/B0257/C0257/E0257-FBA,1
SA0257/B0257/D0257-FBA,0
SA0257/B0523-FBA,4
SA0257/B0523/C0523-FBA,1
SA0257/B0523/C0523/D0257-FBA,0
SA0257/B0523/D0257-FBA,1
SA0257/B0523/E0257-FBA,1
SA0260-FBA,2
SA0260/B0133-FBA,1
SA0262-FBA,0
SA0262/B0262-FBA,4
SA0262/B0262/D0262-FBA,0
SA0263/B0263-FBA,0
SA0263/B0263/D0263-FBA,3
SA0264-FBA,1
SA0264/B0264-FBA,1
SA0265-FBA,1
SA0265/B0265-FBA,4
SA0265/B0265/D0265-FBA,0
SA0266-FBA,1
SA0266/B0266-FBA,6
SA0266/B0266/D0266-FBA,2
SA0269-FBA,0
SA0269/B0269-FBA,0
SA0269/B0269/D0269-FBA,0
SA0270/B0270-FBA,1
SA0275/B0275-FBA,2
SA0280-FBA,0
SA0289/B0289-FBA,5
SA0289/B0289/D0289-FBA,1
SA0296-FBA,0
SA0296/B0020-FBA,10
SA0296/B0097-FBA,0
SA0298-FBA,2
SA0298/B0298-FBA,6
SA0299/B0299-FBA,0
SA0300-FBA,2
SA0300/B0300-FBA,7
SA0300/B0300/C0300-FBA,1
SA0300/B0300/C0300/D0300-FBA,0
SA0300/B0300/C0300/E0300-FBA,0
SA0300/B0300/D0300-FBA,0
SA0300/B0300/D0516-FBA,1
SA0301-FBA,4
SA0301/B0301-FBA,7
SA0301/B0301/D0301-FBA,6
SA0310/B0310-FBA,0
SA0310/B0310/D0310-FBA,0
SA0312/B0312-FBA,3
SA0314-FBA,0
SA0314/B0314-FBA,2
SA0314/B0314/D0314-FBA,0
SA0315-FBA,6
SA0315/B0071-FBA,14
SA0315/B0071/C0071-FBA,0
SA0315/B0071/C0071/D0113-FBA,2
SA0315/B0071/C0071/E0113-FBA,0
SA0315/B0071/C0233-FBA,13
SA0315/B0071/C0233/D0113-FBA,0
SA0315/B0071/D0071-FBA,14
SA0315/B0071/D0113-FBA,0
SA0315/B0071/E0113-FBA,0
SA0316-FBA,0
SA0316/B0316-FBA,7
SA0316/B0316/D0316-FBA,4
SA0316/B0316/D0383-FBA,4
SA0316/B0316/D0414-FBA,0
SA0316/B0384-FBA,4
SA0316/B0459-FBA,4
SA0316/B0459/K0459-FBA,0
SA0316/B0479-FBA,21
SA0317-FBA,1
SA0317/B0182-FBA,1
SA0319/B0048-FBA,3
SA0325/B0325-FBA,1
SA0325/B0325/C0325-FBA,1
SA0325/B0325/C0325/E0325-FBA,2
SA0328-FBA,13
SA0329-FBA,0
SA0329/B0329-FBA,1
SA0330-FBA,0
SA0330/B0330-FBA,0
SA0330/B0330/D0330-FBA,0
SA0330/B0449-FBA,0
SA0330/B0449/D0330-FBA,2
SA0331-FBA,3
SA0331/B0331-FBA,5
SA0331/B0331/D0361-FBA,0
SA0333-FBA,2
SA0333/B0310-FBA,2
SA0333/B0310/D0310-FBA,0
SA0340-FBA,0
SA0340/B0340-FBA,34
SA0341-FBA,4
SA0341/B0341-FBA,120
SA0341/B0341/D0341-FBA,1
SA0343-FBA,1
SA0343/B0343-FBA,1
SA0343/B0343/C0343-FBA,1
SA0343/B0343/C0343/D0343-FBA,0
SA0343/B0343/C0343/E0343-FBA,1
SA0343/B0343/D0343-FBA,0
SA0343/B0345-FBA,53
SA0343/B0345/D0343-FBA,1
SA0345-FBA,2
SA0345/B0345/E0345-FBA,1
SA0346/B0183/C0183-FBA,1
SA0346/B0303/C0186/E0185-FBA,0
SA0347-FBA,4
SA0348-FBA,1
SA0350-FBA,1
SA0350/B0350-FBA,2
SA0350/B0350/D0350-FBA,0
SA0350/B0350/D0351-FBA,2
SA0350/B0350/E0350-FBA,2
SA0350/B0350/E0351-FBA,0
SA0350/B0351-FBA,1
SA0350/B0351/C0351-FBA,1
SA0350/B0351/C0351/D0351-FBA,0
SA0350/B0351/C0351/E0350-FBA,2
SA0350/B0351/C0351/E0351-FBA,1
SA0350/B0351/D0351-FBA,1
SA0352-FBA,0
SA0352/B0352/D0352-FBA,0
SA0353/B0263-FBA,0
SA0354/B0207-FBA,0
SA0354/B0207/K0207-FBA,0
SA0355-FBA,2
SA0355/B0355-FBA,0
SA0355/B0355/C0355-FBA,1
SA0355/B0355/C0355/D0355-FBA,0
SA0355/B0356-FBA,2
SA0360-FBA,0
SA0360/B0360-FBA,5
SA0360/B0360/D0360-FBA,0
SA0363-FBA,4
SA0363/B0478-FBA,1
SA0363/B0478/C0478/E0478-FBA,0
SA0363/B0478/E0478-FBA,0
SA0364-FBA,0
SA0364/B0364-FBA,1
SA0364/B0364/C0364/D0364-FBA,3
SA0364/B0364/C0364/E0364-FBA,3
SA0365/B0365/D0365-FBA,0
SA0369/B0369-FBA,9
SA0369/B0370-FBA,1
SA0369/B0374-FBA,0
SA0371-FBA,5
SA0371/B0371-FBA,16
SA0371/B0371/D0371-FBA,5
SA0373/B0369-FBA,0
SA0373/B0370-FBA,0
SA0373/B0374-FBA,1
SA0376-FBA,0
SA0376/B0376-FBA,2
SA0376/B0376/D0376-FBA,1
SA0377-FBA,3
SA0377/B0377/E0377-FBA,0
SA0378/B0378-FBA,1
SA0378/B0378/D0378-FBA,2
SA0392-FBA,0
SA0398-FBA,1
SA0398/B0398-FBA,4
SA0400-FBA,5
SA0400/B0400-FBA,49
SA0400/B0402-FBA,0
SA0401-FBA,0
SA0401/B0400-FBA,18
SA0401/B0402-FBA,1
SA0406-FBA,2
SA0406/B0406-FBA,2
SA0410-FBA,1
SA0410/B0410-FBA,3
SA0410/B0410/K0410-FBA,0
SA0411-FBA,1
SA0411/B0411-FBA,43
SA0411/B0411/D0411-FBA,25
SA0417-FBA,2
SA0417/B0417-FBA,1
SA0417/B0417/C0417-FBA,2
SA0417/B0417/C0417/D0417-FBA,1
SA0417/B0417/C0417/E0417-FBA,0
SA0417/B0417/D0417-FBA,0
SA0417/B0447-FBA,78
SA0417/B0447/D0417-FBA,9
SA0417/B0447/E0417-FBA,7
SA0418-FBA,2
SA0418/B0418-FBA,0
SA0418/B0418/D0418-FBA,1
SA0418/B0488-FBA,21
SA0418/B0488/D0418-FBA,0
SA0419-FBA,0
SA0419/B0419-FBA,0
SA0419/B0419/D0419-FBA,2
SA0420/B0420-FBA,2
SA0420/B0420/D0420-FBA,0
SA0421-FBA,0
SA0421/B0421-FBA,14
SA0422-FBA,0
SA0422/B0422-FBA,0
SA0422/B0422/D0422-FBA,4
SA0423-FBA,0
SA0423/B0423/C0423-FBA,48
SA0423/B0423/C0423/D0423-FBA,0
SA0423/B0423/C0423/E0423-FBA,1
SA0423/B0423/C0502-FBA,0
SA0423/B0423/C0502/D0423-FBA,0
SA0423/B0423/C0502/E0423-FBA,0
SA0423/B0423/D0423-FBA,0
SA0424-FBA,0
SA0424/B0462-FBA,10
SA0424/B0462/D0424-FBA,2
SA0426-FBA,0
SA0426/B0370-FBA,0
SA0429-FBA,0
SA0429/B0429-FBA,3
SA0429/B0429/D0429-FBA,0
SA0430-FBA,3
SA0433/B0433-FBA,2
SA0434-FBA,0
SA0434/B0433-FBA,3
SA0441-FBA,0
SA0441/B0441-FBA,0
SA0446-FBA,0
SA0446/B0446-FBA,0
SA0446/B0446/D0446-FBA,0
SA0450-FBA,2
SA0450/B0450-FBA,14
SA0450/B0453-FBA,2
SA0451-FBA,0
SA0451/B0450-FBA,5
SA0452-FBA,0
SA0452/B0452-FBA,3
SA0452/B0452/D0452-FBA,1
SA0454-FBA,4
SA0454/B0455-FBA,9
SA0456-FBA,0
SA0456/B0456-FBA,2
SA0457/B0457-FBA,2
SA0458-FBA,0
SA0458/B0457-FBA,10
SA0461-FBA,0
SA0461/B0461-FBA,32
SA0461/B0461/D0461-FBA,1
SA0464-FBA,0
SA0465-FBA,3
SA0467/B0467-FBA,0
SA0467/B0467/D0467-FBA,0
SA0469-FBA,0
SA0469/B0469-FBA,0
SA0469/B0469/D0469-FBA,0
SA0469/B0469/D0470-FBA,0
SA0471-FBA,1
SA0471/B0471-FBA,2
SA0471/B0471/C0471-FBA,1
SA0471/B0471/C0471/D0471-FBA,0
SA0471/B0471/C0471/E0471-FBA,1
SA0471/B0471/D0471-FBA,0
SA0471/B0471/D0476-FBA,5
SA0471/B0498-FBA,0
SA0471/B0498/C0498-FBA,2
SA0471/B0498/C0498/D0498-FBA,0
SA0471/B0498/D0498-FBA,0
SA0472-FBA,2
SA0472/B0472-FBA,23
SA0472/B0472/C0417-FBA,25
SA0472/B0472/C0417/E0472-FBA,12
SA0472/B0472/D0472-FBA,1
SA0472/B0472/E0472-FBA,1
SA0472/B0495-FBA,17
SA0472/B0495/D0472-FBA,10
SA0472/B0495/E0472-FBA,12
SA0477-FBA,17
SA0477/B0477-FBA,54
SA0477/B0477/D0477-FBA,38
SA0481-FBA,0
SA0481/B0481-FBA,5
SA0481/B0481/D0481-FBA,3
SA0484-FBA,0
SA0484/B0484-FBA,1
SA0490-FBA,3
SA0490/B0490-FBA,3
SA0490/B0490/D0490-FBA,1
SA0491-FBA,6
SA0491/B0491-FBA,13
SA0491/B0491/D0491-FBA,0
SA0491/B0551-FBA,0
SA0492-FBA,2
SA0492/B0492-FBA,11
SA0492/B0492/D0494-FBA,0
SA0499-FBA,0
SA0499/B0499-FBA,1
SA0500/B0500-FBA,25
SA0500/B0500/C0500-FBA,10
SA0500/B0500/C0500/D0500-FBA,7
SA0500/B0500/C0500/E0500-FBA,5
SA0500/B0500/C0500/E0515-FBA,0
SA0500/B0500/D0500-FBA,2
SA0500/B0500/D0515-FBA,1
SA0500/B0500/E0500-FBA,0
SA0500/B0522-FBA,1
SA0500/B0522/C0500-FBA,2
SA0503-FBA,3
SA0503/B0503-FBA,4
SA0503/B0503/D0503-FBA,4
SA0504/B0504-FBA,0
SA0504/B0504/C0242-FBA,0
SA0505/B0505-FBA,7
SA0505/B0505/D0477-FBA,5
SA0510-FBA,2
SA0510/B0510-FBA,16
SA0510/B0510/D0510-FBA,6
SA0510/B0510/D0513-FBA,2
SA0511-FBA,2
SA0511/B0511-FBA,2
SA0511/B0511/D0511-FBA,0
SA0511/B0511/D0512-FBA,3
SA0511/B0520-FBA,6
SA0511/B0520/D0520-FBA,0
SA0511/B0530-FBA,1
SA0518-FBA,13
SA0519-FBA,33
SA0524-FBA,3
SA0524/B0524-FBA,67
SA0524/B0524-R-FBA,5
SA0524/B0524/D0524-FBA,5
SA0524/B0524/D0524-R-FBA,0
SA0524/B0524/E0524-FBA,0
SA0524/B0524/E0524-R-FBA,3
SA0524/B0525-FBA,2
SA0529-FBA,1
SA0529/B0529-FBA,3
SA0533-FBA,1
SA0533/B0533-FBA,1
SA0537-FBA,4
SA0537/B0537-FBA,18
SA0537/B0537/D0537-FBA,4
SA0538/B0538-FBA,28
SA0538/B0538/D0538-FBA,6
SA0540-FBA,0
SA0540/B0540-FBA,47
SA0540/B0540/D0540-FBA,1
SA0550-FBA,3
SA0550/B0550-FBA,22
SA0552-FBA,5
SA1015/B1015-FBA,1
SA1043-FBA,0
SA1043/B1044-FBA,0
SA1043/B1044/D1043-FBA,0
SA1043/B1326-FBA,1
SA1046-FBA,0
SA1056/B1056-FBA,0
SA1079/B1079-FBA,0
SA1085/B1035-FBA,0
SA1102/B1102-FBA,0
SA1115/B1115-FBA,0
SA1115/B1115/D1115-FBA,0
SA1120/B1120-FBA,0
SA1136-FBA,0
SA1136/B1136-FBA,1
SA1136/B1148-FBA,0
SA1136/B1153/C1153-FBA,0
SA1245-FBA,0
SA1417/B1417-FBA,0
SA1417/B1417/C1417-FBA,0
SA1417/B1447-FBA,1
SA2015-FBA,0
SA2021-FBA,0
SA2021/B2021-FBA,0
SA2043/B2044-FBA,1
SA2043/B2044-P-FBA,0
SA2043/B2326-FBA,0
SA2046/B2046-FBA,2
SA2083/B2128/D2128-FBA,1
SA2087-FBA,0
SA2087/B2087-FBA,0
SA2102-FBA,0
SA2103/B2103-FBA,1
SA2128-FBA,0
SA2128/B2083-FBA,0
SA2128/B2083/C2083-FBA,0
SA2128/B2083/C2083/D2128-FBA,1
SA2128/B2128/D2128-FBA,1
SA2128/B2128/E2229-FBA,0
SA2167/B2167-FBA,0
SA2174-FBA,0
SA2178-FBA,2
SA2178/B2178-FBA,2
SA2182-FBA,0
SA2200-FBA,0
SA2200/B2200-FBA,0
SA2230-P/B2248-P-FBA,0
SA2230-R/B2248-R/C2248-R-FBA,0
SA2230/B2248/C2248-FBA,0
SA3043-FBA,0
SA3043/B3044-FBA,3
SA3136/B3136-FBA,1
SA3164-FBA,0
SA3230/B3230-FBA,1
SA3369/B3369-FBA,0
SB0012-FBA,1
SB0015-FBA,0
SB0020-FBA,1
SB0026-FBA,0
SB0028-FBA,0
SB0036-FBA,0
SB0042-FBA,0
SB0043-FBA,1
SB0044-FBA,28
SB0046-FBA,6
SB0047-FBA,1
SB0048-FBA,0
SB0070-FBA,0
SB0071-FBA,0
SB0082-FBA,1
SB0083-FBA,2
SB0084-FBA,0
SB0102-FBA,0
SB0103-FBA,1
SB0106-FBA,0
SB0109-FBA,0
SB0114-FBA,0
SB0115-FBA,0
SB0120-FBA,0
SB0121-FBA,0
SB0122-FBA,0
SB0123-FBA,0
SB0125-FBA,0
SB0128-FBA,0
SB0129-FBA,1
SB0130-FBA,1
SB0131-FBA,1
SB0133-FBA,2
SB0135-FBA,0
SB0136-FBA,1
SB0145-FBA,0
SB0148-FBA,0
SB0150-FBA,0
SB0151-FBA,0
SB0152-FBA,0
SB0153-FBA,1
SB0155-FBA,2
SB0158-FBA,0
SB0159-FBA,2
SB0164-FBA,1
SB0167-FBA,1
SB0172-FBA,1
SB0173-FBA,0
SB0175-FBA,1
SB0176-FBA,0
SB0179-FBA,0
SB0182-FBA,0
SB0183-FBA,0
SB0188-FBA,0
SB0191-FBA,0
SB0192-FBA,0
SB0193-FBA,0
SB0195-FBA,0
SB0196-FBA,0
SB0200-FBA,1
SB0201-FBA,2
SB0203-FBA,1
SB0206-FBA,0
SB0207-FBA,0
SB0214-FBA,0
SB0216-FBA,0
SB0221-FBA,0
SB0224-FBA,1
SB0225-FBA,0
SB0227-FBA,1
SB0230-FBA,2
SB0240-FBA,2
SB0242-FBA,0
SB0246-FBA,0
SB0248-P-FBA,0
SB0250-FBA,3
SB0255-FBA,0
SB0257-FBA,0
SB0264-FBA,0
SB0265-FBA,0
SB0266-FBA,0
SB0272-FBA,0
SB0275-FBA,1
SB0291-FBA,5
SB0300-FBA,2
SB0301-FBA,0
SB0303-FBA,0
SB0305-FBA,2
SB0310-FBA,2
SB0313-FBA,0
SB0316-FBA,0
SB0325-FBA,0
SB0329-FBA,0
SB0330-FBA,2
SB0340-FBA,0
SB0341-FBA,1
SB0345-FBA,0
SB0349-FBA,3
SB0350-FBA,15
SB0352-FBA,0
SB0355-FBA,3
SB0356-FBA,1
SB0360-FBA,1
SB0365-FBA,0
SB0369-FBA,0
SB0370-FBA,1
SB0371-FBA,3
SB0374-FBA,0
SB0377-FBA,3
SB0398-FBA,3
SB0402-FBA,0
SB0410-FBA,0
SB0411-FBA,0
SB0417-FBA,1
SB0418-FBA,0
SB0421-FBA,0
SB0422-FBA,0
SB0423-FBA,3
SB0424-FBA,0
SB0429-FBA,0
SB0433-FBA,1
SB0444-FBA,0
SB0446-FBA,0
SB0447-FBA,3
SB0449-FBA,2
SB0450-FBA,0
SB0452-FBA,0
SB0453-FBA,0
SB0455-FBA,0
SB0456-FBA,0
SB0457-FBA,2
SB0461-FBA,0
SB0462-FBA,0
SB0471-FBA,1
SB0472-FBA,0
SB0477-FBA,0
SB0478-FBA,0
SB0479-FBA,1
SB0481-FBA,1
SB0484-FBA,0
SB0488-FBA,0
SB0490-FBA,2
SB0491-FBA,2
SB0492-FBA,0
SB0495-FBA,3
SB0498-FBA,0
SB0499-FBA,0
SB0503-FBA,0
SB0505-FBA,2
SB0510-FBA,0
SB0511-FBA,1
SB0520-FBA,1
SB0523-FBA,1
SB0525-FBA,0
SB0530-FBA,3
SB0537-FBA,0
SB0540-FBA,0
SB0547-FBA,17
SB0551-FBA,0
SB1015-FBA,0
SB1021-FBA,0
SB1046-FBA,0
SB1136-FBA,0
SB1326-FBA,0
SB2015-FBA,0
SB2046-FBA,1
SB2083-FBA,1
SB2120-FBA,0
SB2128-FBA,0
SB2152-FBA,0
SB2172-FBA,0
SB2326-FBA,0
SB3044-FBA,0
SC0015-FBA,0
SC0036-FBA,2
SC0037-FBA,1
SC0071-FBA,4
SC0082-FBA,4
SC0131-FBA,8
SC0152-FBA,4
SC0153-FBA,4
SC0158-FBA,0
SC0166-FBA,4
SC0185-FBA,0
SC0186-FBA,0
SC0191-FBA,1
SC0198-FBA,3
SC0200-FBA,3
SC0219-FBA,0
SC0229-FBA,3
SC0233-FBA,3
SC0248-FBA,0
SC0248-R-FBA,0
SC0257-FBA,0
SC0300-FBA,2
SC0343-FBA,0
SC0351-FBA,6
SC0355-FBA,1
SC0364-FBA,3
SC0417-FBA,5
SC0423-FBA,33
SC0431-FBA,0
SC0471-FBA,0
SC0498-FBA,0
SC0502-FBA,8
SC0523-FBA,4
SC0548-FBA,24
SC1153-FBA,0
SC2083-FBA,0
SD0010-FBA,0
SD0013-FBA,0
SD0040-FBA,0
SD0044-FBA,2
SD0045-FBA,1
SD0046-FBA,6
SD0047-FBA,2
SD0051-FBA,0
SD0055-FBA,1
SD0056-FBA,0
SD0070-FBA,5
SD0071-FBA,41
SD0072-FBA,0
SD0079-FBA,0
SD0082-FBA,6
SD0083-FBA,5
SD0087-FBA,0
SD0106-FBA,1
SD0112-FBA,0
SD0113-FBA,8
SD0114-FBA,1
SD0115-FBA,3
SD0120-FBA,0
SD0128-FBA,1
SD0129-FBA,34
SD0130-FBA,2
SD0131-FBA,26
SD0133-FBA,0
SD0134-FBA,1
SD0143-FBA,1
SD0145-FBA,1
SD0150-FBA,16
SD0151-FBA,0
SD0152-FBA,2
SD0153-FBA,23
SD0157-FBA,1
SD0158-FBA,2
SD0168-FBA,4
SD0169-FBA,0
SD0170-FBA,0
SD0171-FBA,0
SD0173-FBA,5
SD0181-FBA,13
SD0183-FBA,1
SD0187-FBA,0
SD0191-FBA,5
SD0192-FBA,12
SD0193-FBA,28
SD0194-FBA,0
SD0195-FBA,1
SD0198-FBA,1
SD0200-FBA,12
SD0202-FBA,0
SD0203-FBA,2
SD0205-FBA,0
SD0206-FBA,0
SD0208-FBA,10
SD0209-FBA,0
SD0214-FBA,0
SD0215-FBA,2
SD0218-FBA,0
SD0222-FBA,4
SD0223-FBA,1
SD0224-FBA,0
SD0225-FBA,2
SD0230-FBA,4
SD0230-R-FBA,0
SD0235-FBA,0
SD0236-FBA,0
SD0237-FBA,0
SD0242-FBA,2
SD0243-FBA,6
SD0244-FBA,2
SD0257-FBA,2
SD0261-FBA,2
SD0262-FBA,2
SD0263-FBA,0
SD0264-FBA,0
SD0265-FBA,2
SD0267-FBA,1
SD0268-FBA,0
SD0269-FBA,0
SD0272-FBA,1
SD0274-FBA,0
SD0289-FBA,5
SD0290-FBA,0
SD0293-FBA,1
SD0300-FBA,3
SD0301-FBA,35
SD0304-FBA,0
SD0308-FBA,0
SD0310-FBA,8
SD0312-FBA,14
SD0316-FBA,2
SD0330-FBA,21
SD0331-FBA,3
SD0337-FBA,4
SD0338-FBA,0
SD0339-FBA,3
SD0340-FBA,2
SD0341-FBA,41
SD0342-FBA,0
SD0343-FBA,17
SD0350-FBA,15
SD0351-FBA,4
SD0352-FBA,0
SD0355-FBA,5
SD0357-FBA,0
SD0358-FBA,0
SD0360-FBA,1
SD0361-FBA,1
SD0365-FBA,0
SD0366-FBA,3
SD0371-FBA,3
SD0375-FBA,0
SD0376-FBA,1
SD0378-FBA,0
SD0383-FBA,5
SD0385-FBA,5
SD0386-FBA,118
SD0394-FBA,3
SD0397-FBA,12
SD0398-FBA,1
SD0399-FBA,0
SD0406-FBA,0
SD0408-FBA,0
SD0411-FBA,107
SD0414-FBA,4
SD0416-FBA,8
SD0417-FBA,25
SD0418-FBA,1
SD0419-FBA,0
SD0420-FBA,1
SD0421-FBA,0
SD0422-FBA,3
SD0423-FBA,122
SD0424-FBA,11
SD0425-FBA,2
SD0428-FBA,0
SD0429-FBA,2
SD0431-FBA,18
SD0432-FBA,0
SD0437-FBA,0
SD0441-FBA,0
SD0446-FBA,0
SD0452-FBA,2
SD0461-FBA,9
SD0467-FBA,0
SD0469-FBA,0
SD0470-FBA,1
SD0471-FBA,5
SD0472-FBA,39
SD0474-FBA,0
SD0476-FBA,16
SD0477-FBA,1
SD0480-FBA,0
SD0481-FBA,8
SD0490-FBA,0
SD0491-FBA,8
SD0493-FBA,3
SD0494-FBA,1
SD0497-FBA,0
SD0498-FBA,1
SD0499-FBA,1
SD0500-FBA,15
SD0501-FBA,0
SD0503-FBA,4
SD0506-FBA,3
SD0507-FBA,0
SD0510-FBA,16
SD0512-FBA,4
SD0513-FBA,7
SD0515-FBA,7
SD0516-FBA,3
SD0520-FBA,6
SD0524-FBA,0
SD0528-FBA,23
SD0533-FBA,1
SD0537-FBA,3
SD0538-FBA,5
SD0540-FBA,68
SD0546-FBA,3
SD0547-FBA,16
SD1093-FBA,1
SD1103-FBA,1
SD1115-FBA,0
SD1153-FBA,0
SD1200-FBA,0
SD1222-FBA,1
SD1310-FBA,0
SD1411-FBA,0
SD1418-FBA,0
SD1423-FBA,0
SD1500-FBA,0
SD2093-FBA,1
SD2128-FBA,3
SD2230-FBA,0
SD2230-R-FBA,0
SD2310-FBA,10
SD2477-FBA,0
SD2500-FBA,0
SE0082-FBA,1
SE0113-FBA,0
SE0152-FBA,1
SE0153-FBA,0
SE0158-FBA,0
SE0159-FBA,50
SE0162-FBA,1
SE0185-FBA,1
SE0200-FBA,1
SE0203-FBA,2
SE0223-FBA,0
SE0229-FBA,0
SE0230-FBA,1
SE0232-FBA,24
SE0238-FBA,1
SE0242-FBA,2
SE0257-FBA,2
SE0300-FBA,0
SE0325-FBA,1
SE0343-FBA,6
SE0345-FBA,3
SE0350-FBA,3
SE0357-FBA,0
SE0364-FBA,2
SE0417-FBA,9
SE0423-FBA,3
SE0471-FBA,0
SE0472-FBA,12
SE0478-FBA,0
SE0489-FBA,0
SE0498-FBA,1
SE0500-FBA,2
SE0515-FBA,2
SE0524-FBA,21
SE0526-FBA,17
SE0547-FBA,3
SE0552-FBA,11
SE1423-FBA,0
SE1500-FBA,0
SE2229-FBA,0
SE2230-FBA,0
SE2500-FBA,1
UA0101-FBA,6
UA0101/UB0101-FBA,1
UA0102-FBA,1
UA0102/UB0102-FBA,0
UB0102-FBA,1
UK0102-FBA,0
